(0.000000) vcan0 100#0000000000000001
(0.000000) vcan0 101#000000002823000B
(0.000000) vcan0 200#000000005E01005D
(0.000000) vcan0 201#8813E80300020071
(0.000000) vcan0 300#FF0000F00000000C
(0.000000) vcan0 400#4C1D90010C2B00E3
(0.000000) vcan0 500#D2008C00002A0071
(0.000000) vcan0 600#0000000000000006
(0.050000) vcan0 100#0000000000000100
(0.100000) vcan0 100#0000000000000203
(0.100000) vcan0 101#000000002823010A
(0.100000) vcan0 200#000000005E01015C
(0.100000) vcan0 201#8813E80300020170
(0.150000) vcan0 100#0000000000000302
(0.200000) vcan0 100#0000000000000405
(0.200000) vcan0 101#0000000028230209
(0.200000) vcan0 200#000000005E01025F
(0.200000) vcan0 201#8813E80300020273
(0.200000) vcan0 300#FF0000F00000010D
(0.250000) vcan0 100#0000000000000504
(0.250000) vcan0 400#4E1D90010C2B01E0
(0.300000) vcan0 100#0000000000000607
(0.300000) vcan0 101#0000000028230308
(0.300000) vcan0 200#000000005E01035E
(0.300000) vcan0 201#8813E80300020372
(0.350000) vcan0 100#0000000000000706
(0.400000) vcan0 100#0000000000000809
(0.400000) vcan0 101#000000002823040F
(0.400000) vcan0 200#000000005E010459
(0.400000) vcan0 201#8813E80300020475
(0.400000) vcan0 300#FF0000F00000020E
(0.450000) vcan0 100#0000000000000908
(0.500000) vcan0 100#0000000000000A0B
(0.500000) vcan0 101#000000002823050E
(0.500000) vcan0 200#000000005E010558
(0.500000) vcan0 201#8813E80300020574
(0.500000) vcan0 400#501D90010C2B02FD
(0.500000) vcan0 500#D2008C00002A0170
(0.550000) vcan0 100#0000000000000B0A
(0.600000) vcan0 100#0000000000000C0D
(0.600000) vcan0 101#000000002823060D
(0.600000) vcan0 200#000000005E01065B
(0.600000) vcan0 201#8813E80300020677
(0.600000) vcan0 300#FF0000F00000030F
(0.650000) vcan0 100#0000000000000D0C
(0.700000) vcan0 100#0000000000000E0F
(0.700000) vcan0 101#000000002823070C
(0.700000) vcan0 200#000000005E01075A
(0.700000) vcan0 201#8813E80300020776
(0.750000) vcan0 100#0000000000000F0E
(0.750000) vcan0 400#531D90010C2B03FF
(0.800000) vcan0 100#0000000000001011
(0.800000) vcan0 101#0000000028230803
(0.800000) vcan0 200#000000005E010855
(0.800000) vcan0 201#8813E80300020879
(0.800000) vcan0 300#FF0000F000000408
(0.850000) vcan0 100#0000000000001110
(0.900000) vcan0 100#0000000000001213
(0.900000) vcan0 101#0000000028230902
(0.900000) vcan0 200#000000005E010954
(0.900000) vcan0 201#8813E80300020978
(0.950000) vcan0 100#0000000000001312
(1.000000) vcan0 100#0000000000001415
(1.000000) vcan0 101#0000000028230A01
(1.000000) vcan0 200#000000005E010A57
(1.000000) vcan0 201#8813E80300020A7B
(1.000000) vcan0 300#FF0000F000000509
(1.000000) vcan0 400#551D90010C2B04FE
(1.000000) vcan0 500#D2008C00002A0273
(1.000000) vcan0 600#0A0000000000010D
(1.050000) vcan0 100#0000000000001514
(1.100000) vcan0 100#0000000000001617
(1.100000) vcan0 101#0000000028230B00
(1.100000) vcan0 200#000000005E010B56
(1.100000) vcan0 201#8813E80300020B7A
(1.150000) vcan0 100#0000000000001716
(1.200000) vcan0 100#0000000000001819
(1.200000) vcan0 101#0000000028230C07
(1.200000) vcan0 200#000000005E010C51
(1.200000) vcan0 201#8813E80300020C7D
(1.200000) vcan0 300#FF0000F00000060A
(1.250000) vcan0 100#0000000000001918
(1.250000) vcan0 400#571D90010C2B05FD
(1.300000) vcan0 100#0000000000001A1B
(1.300000) vcan0 101#0000000028230D06
(1.300000) vcan0 200#000000005E010D50
(1.300000) vcan0 201#8813E80300020D7C
(1.350000) vcan0 100#0000000000001B1A
(1.400000) vcan0 100#0000000000001C1D
(1.400000) vcan0 101#0000000028230E05
(1.400000) vcan0 200#000000005E010E53
(1.400000) vcan0 201#8813E80300020E7F
(1.400000) vcan0 300#FF0000F00000070B
(1.450000) vcan0 100#0000000000001D1C
(1.500000) vcan0 100#0000000000001E1F
(1.500000) vcan0 101#0000000028230F04
(1.500000) vcan0 200#000000005E010F52
(1.500000) vcan0 201#8813E80300020F7E
(1.500000) vcan0 400#591D90010C2B06F0
(1.500000) vcan0 500#D2008C00002A0372
(1.550000) vcan0 100#0000000000001F1E
(1.600000) vcan0 100#0000000000002021
(1.600000) vcan0 101#000000002823101B
(1.600000) vcan0 200#000000005E01104D
(1.600000) vcan0 201#8813E80300021061
(1.600000) vcan0 300#FF0000F000000804
(1.650000) vcan0 100#0000000000002120
(1.700000) vcan0 100#0000000000002223
(1.700000) vcan0 101#000000002823111A
(1.700000) vcan0 200#000000005E01114C
(1.700000) vcan0 201#8813E80300021160
(1.750000) vcan0 100#0000000000002322
(1.750000) vcan0 400#5B1D90010C2B07F3
(1.800000) vcan0 100#0000000000002425
(1.800000) vcan0 101#0000000028231219
(1.800000) vcan0 200#000000005E01124F
(1.800000) vcan0 201#8813E80300021263
(1.800000) vcan0 300#FF0000F000000905
(1.850000) vcan0 100#0000000000002524
(1.900000) vcan0 100#0000000000002627
(1.900000) vcan0 101#0000000028231318
(1.900000) vcan0 200#000000005E01134E
(1.900000) vcan0 201#8813E80300021362
(1.950000) vcan0 100#0000000000002726
(2.000000) vcan0 100#0000000000002829
(2.000000) vcan0 101#000000002823141F
(2.000000) vcan0 200#000000005E011449
(2.000000) vcan0 201#8813E80300021465
(2.000000) vcan0 300#FF0000F000000A06
(2.000000) vcan0 400#5D1D90010C2B08FA
(2.000000) vcan0 500#D2008C00002A0475
(2.000000) vcan0 600#1400000000000210
(2.050000) vcan0 100#0000000000002928
(2.100000) vcan0 100#0000000000002A2B
(2.100000) vcan0 101#000000002823151E
(2.100000) vcan0 200#000000005E011548
(2.100000) vcan0 201#8813E80300021564
(2.150000) vcan0 100#0000000000002B2A
(2.200000) vcan0 100#0000000000002C2D
(2.200000) vcan0 101#000000002823161D
(2.200000) vcan0 200#000000005E01164B
(2.200000) vcan0 201#8813E80300021667
(2.200000) vcan0 300#FF0000F000000B07
(2.250000) vcan0 100#0000000000002D2C
(2.250000) vcan0 400#5F1D90010C2B09F9
(2.300000) vcan0 100#0000000000002E2F
(2.300000) vcan0 101#000000002823171C
(2.300000) vcan0 200#000000005E01174A
(2.300000) vcan0 201#8813E80300021766
(2.350000) vcan0 100#0000000000002F2E
(2.400000) vcan0 100#0000000000003031
(2.400000) vcan0 101#0000000028231813
(2.400000) vcan0 200#000000005E011845
(2.400000) vcan0 201#8813E80300021869
(2.400000) vcan0 300#FF0000F000000C00
(2.450000) vcan0 100#0000000000003130
(2.500000) vcan0 100#0000000000003233
(2.500000) vcan0 101#0000000028231912
(2.500000) vcan0 200#000000005E011944
(2.500000) vcan0 201#8813E80300021968
(2.500000) vcan0 400#601D90010C2B0AC5
(2.500000) vcan0 500#D2008C00002A0574
(2.550000) vcan0 100#0000000000003332
(2.600000) vcan0 100#0000000000003435
(2.600000) vcan0 101#0000000028231A11
(2.600000) vcan0 200#000000005E011A47
(2.600000) vcan0 201#8813E80300021A6B
(2.600000) vcan0 300#FF0000F000000D01
(2.650000) vcan0 100#0000000000003534
(2.700000) vcan0 100#0000000000003637
(2.700000) vcan0 101#0000000028231B10
(2.700000) vcan0 200#000000005E011B46
(2.700000) vcan0 201#8813E80300021B6A
(2.750000) vcan0 100#0000000000003736
(2.750000) vcan0 400#621D90010C2B0BC6
(2.800000) vcan0 100#0000000000003839
(2.800000) vcan0 101#0000000028231C17
(2.800000) vcan0 200#000000005E011C41
(2.800000) vcan0 201#8813E80300021C6D
(2.800000) vcan0 300#FF0000F000000E02
(2.850000) vcan0 100#0000000000003938
(2.900000) vcan0 100#0000000000003A3B
(2.900000) vcan0 101#0000000028231D16
(2.900000) vcan0 200#000000005E011D40
(2.900000) vcan0 201#8813E80300021D6C
(2.950000) vcan0 100#0000000000003B3A
(3.000000) vcan0 100#0000000000003C3D
(3.000000) vcan0 101#0000000028231E15
(3.000000) vcan0 200#000000005E011E43
(3.000000) vcan0 201#8813E80300021E6F
(3.000000) vcan0 300#FF0000F000000F03
(3.000000) vcan0 400#631D90010C2B0CC0
(3.000000) vcan0 500#D2008C00002A0677
(3.000000) vcan0 600#1E0000000000031B
(3.050000) vcan0 100#0000000000003D3C
(3.100000) vcan0 100#0000000000003E3F
(3.100000) vcan0 101#0000000028231F14
(3.100000) vcan0 200#000000005E011F42
(3.100000) vcan0 201#8813E80300021F6E
(3.150000) vcan0 100#0000000000003F3E
(3.200000) vcan0 100#0000000000004041
(3.200000) vcan0 101#000000002823202B
(3.200000) vcan0 200#000000005E01207D
(3.200000) vcan0 201#8813E80300022051
(3.200000) vcan0 300#FF0000F00000101C
(3.250000) vcan0 100#0000000000004140
(3.250000) vcan0 400#651D90010C2B0DC7
(3.300000) vcan0 100#0000000000004243
(3.300000) vcan0 101#000000002823212A
(3.300000) vcan0 200#000000005E01217C
(3.300000) vcan0 201#8813E80300022150
(3.350000) vcan0 100#0000000000004342
(3.400000) vcan0 100#0000000000004445
(3.400000) vcan0 101#0000000028232229
(3.400000) vcan0 200#000000005E01227F
(3.400000) vcan0 201#8813E80300022253
(3.400000) vcan0 300#FF0000F00000111D
(3.450000) vcan0 100#0000000000004544
(3.500000) vcan0 100#0000000000004647
(3.500000) vcan0 101#0000000028232328
(3.500000) vcan0 200#000000005E01237E
(3.500000) vcan0 201#8813E80300022352
(3.500000) vcan0 400#661D90010C2B0EC7
(3.500000) vcan0 500#D1008C00002A0775
(3.550000) vcan0 100#0000000000004746
(3.600000) vcan0 100#0000000000004849
(3.600000) vcan0 101#000000002823242F
(3.600000) vcan0 200#000000005E012479
(3.600000) vcan0 201#8813E80300022455
(3.600000) vcan0 300#FF0000F00000121E
(3.650000) vcan0 100#0000000000004948
(3.700000) vcan0 100#0000000000004A4B
(3.700000) vcan0 101#000000002823252E
(3.700000) vcan0 200#000000005E012578
(3.700000) vcan0 201#8813E80300022554
(3.750000) vcan0 100#0000000000004B4A
(3.750000) vcan0 400#671D90010C2B0FC7
(3.800000) vcan0 100#0000000000004C4D
(3.800000) vcan0 101#000000002823262D
(3.800000) vcan0 200#000000005E01267B
(3.800000) vcan0 201#8813E80300022657
(3.800000) vcan0 300#FF0000F00000131F
(3.850000) vcan0 100#0000000000004D4C
(3.900000) vcan0 100#0000000000004E4F
(3.900000) vcan0 101#000000002823272C
(3.900000) vcan0 200#000000005E01277A
(3.900000) vcan0 201#8813E80300022756
(3.950000) vcan0 100#0000000000004F4E
(4.000000) vcan0 100#0000000000005051
(4.000000) vcan0 101#0000000028232823
(4.000000) vcan0 200#000000005E012875
(4.000000) vcan0 201#8813E80300022859
(4.000000) vcan0 300#FF0000F000001418
(4.000000) vcan0 400#681D90010C2B10D7
(4.000000) vcan0 500#D1008C00002A087A
(4.000000) vcan0 600#280000000000042A
(4.050000) vcan0 100#0000000000005150
(4.100000) vcan0 100#0000000000005253
(4.100000) vcan0 101#0000000028232922
(4.100000) vcan0 200#000000005E012974
(4.100000) vcan0 201#8813E80300022958
(4.150000) vcan0 100#0000000000005352
(4.200000) vcan0 100#0000000000005455
(4.200000) vcan0 101#0000000028232A21
(4.200000) vcan0 200#000000005E012A77
(4.200000) vcan0 201#8813E80300022A5B
(4.200000) vcan0 300#FF0000F000001519
(4.250000) vcan0 100#0000000000005554
(4.250000) vcan0 400#691D90010C2B11D7
(4.300000) vcan0 100#0000000000005657
(4.300000) vcan0 101#0000000028232B20
(4.300000) vcan0 200#000000005E012B76
(4.300000) vcan0 201#8813E80300022B5A
(4.350000) vcan0 100#0000000000005756
(4.400000) vcan0 100#0000000000005859
(4.400000) vcan0 101#0000000028232C27
(4.400000) vcan0 200#000000005E012C71
(4.400000) vcan0 201#8813E80300022C5D
(4.400000) vcan0 300#FF0000F00000161A
(4.450000) vcan0 100#0000000000005958
(4.500000) vcan0 100#0000000000005A5B
(4.500000) vcan0 101#0000000028232D26
(4.500000) vcan0 200#000000005E012D70
(4.500000) vcan0 201#8813E80300022D5C
(4.500000) vcan0 400#691D90010C2B12D4
(4.500000) vcan0 500#D1008C00002A097B
(4.550000) vcan0 100#0000000000005B5A
(4.600000) vcan0 100#0000000000005C5D
(4.600000) vcan0 101#0000000028232E25
(4.600000) vcan0 200#000000005E012E73
(4.600000) vcan0 201#8813E80300022E5F
(4.600000) vcan0 300#FF0000F00000171B
(4.650000) vcan0 100#0000000000005D5C
(4.700000) vcan0 100#0000000000005E5F
(4.700000) vcan0 101#0000000028232F24
(4.700000) vcan0 200#000000005E012F72
(4.700000) vcan0 201#8813E80300022F5E
(4.750000) vcan0 100#0000000000005F5E
(4.750000) vcan0 400#6A1D90010C2B13D6
(4.800000) vcan0 100#0000000000006061
(4.800000) vcan0 101#000000002823303B
(4.800000) vcan0 200#000000005E01306D
(4.800000) vcan0 201#8813E80300023041
(4.800000) vcan0 300#FF0000F000001814
(4.850000) vcan0 100#0000000000006160
(4.900000) vcan0 100#0000000000006263
(4.900000) vcan0 101#000000002823313A
(4.900000) vcan0 200#000000005E01316C
(4.900000) vcan0 201#8813E80300023140
(4.950000) vcan0 100#0000000000006362
(5.000000) vcan0 100#0000000000006465
(5.000000) vcan0 101#0000000028233239
(5.000000) vcan0 200#000000005E01326F
(5.000000) vcan0 201#8813E80300023243
(5.000000) vcan0 300#FF0000F000001915
(5.000000) vcan0 400#6A1D90010C2B14D1
(5.000000) vcan0 500#D1008C00002A0A78
(5.000000) vcan0 600#3200000000000531
(5.050000) vcan0 100#0000000000006564
(5.100000) vcan0 100#0000000000006667
(5.100000) vcan0 101#0000000028233338
(5.100000) vcan0 200#000000005E01336E
(5.100000) vcan0 201#8813E80300023342
(5.150000) vcan0 100#0000000000006766
(5.200000) vcan0 100#0000000000006869
(5.200000) vcan0 101#000000002823343F
(5.200000) vcan0 200#000000005E013469
(5.200000) vcan0 201#8813E80300023445
(5.200000) vcan0 300#FF0000F000001A16
(5.250000) vcan0 100#0000000000006968
(5.250000) vcan0 400#6A1D90010C2B15D0
(5.300000) vcan0 100#0000000000006A6B
(5.300000) vcan0 101#000000002823353E
(5.300000) vcan0 200#000000005E013568
(5.300000) vcan0 201#8813E80300023544
(5.350000) vcan0 100#0000000000006B6A
(5.400000) vcan0 100#0000000000006C6D
(5.400000) vcan0 101#000000002823363D
(5.400000) vcan0 200#000000005E01366B
(5.400000) vcan0 201#8813E80300023647
(5.400000) vcan0 300#FF0000F000001B17
(5.450000) vcan0 100#0000000000006D6C
(5.500000) vcan0 100#0000000000006E6F
(5.500000) vcan0 101#000000002823373C
(5.500000) vcan0 200#000000005E01376A
(5.500000) vcan0 201#8813E80300023746
(5.500000) vcan0 400#6A1D90010C2B16D3
(5.500000) vcan0 500#D1008C00002A0B79
(5.550000) vcan0 100#0000000000006F6E
(5.600000) vcan0 100#0000000000007071
(5.600000) vcan0 101#0000000028233833
(5.600000) vcan0 200#000000005E013865
(5.600000) vcan0 201#8813E80300023849
(5.600000) vcan0 300#FF0000F000001C10
(5.650000) vcan0 100#0000000000007170
(5.700000) vcan0 100#0000000000007273
(5.700000) vcan0 101#0000000028233932
(5.700000) vcan0 200#000000005E013964
(5.700000) vcan0 201#8813E80300023948
(5.750000) vcan0 100#0000000000007372
(5.750000) vcan0 400#6A1D90010C2B17D2
(5.800000) vcan0 100#0000000000007475
(5.800000) vcan0 101#0000000028233A31
(5.800000) vcan0 200#000000005E013A67
(5.800000) vcan0 201#8813E80300023A4B
(5.800000) vcan0 300#FF0000F000001D11
(5.850000) vcan0 100#0000000000007574
(5.900000) vcan0 100#0000000000007677
(5.900000) vcan0 101#0000000028233B30
(5.900000) vcan0 200#000000005E013B66
(5.900000) vcan0 201#8813E80300023B4A
(5.950000) vcan0 100#0000000000007776
(6.000000) vcan0 100#0000000000007879
(6.000000) vcan0 101#0000000028233C37
(6.000000) vcan0 200#000000005E013C61
(6.000000) vcan0 201#8813E80300023C4D
(6.000000) vcan0 300#FF0000F000001E12
(6.000000) vcan0 400#691D90010C2B18DE
(6.000000) vcan0 500#D1008C00002A0C7E
(6.000000) vcan0 600#3C0000000000063C
(6.050000) vcan0 100#0000000000007978
(6.100000) vcan0 100#0000000000007A7B
(6.100000) vcan0 101#0000000028233D36
(6.100000) vcan0 200#000000005E013D60
(6.100000) vcan0 201#8813E80300023D4C
(6.150000) vcan0 100#0000000000007B7A
(6.200000) vcan0 100#0000000000007C7D
(6.200000) vcan0 101#0000000028233E35
(6.200000) vcan0 200#000000005E013E63
(6.200000) vcan0 201#8813E80300023E4F
(6.200000) vcan0 300#FF0000F000001F13
(6.250000) vcan0 100#0000000000007D7C
(6.250000) vcan0 400#691D90010C2B19DF
(6.300000) vcan0 100#0000000000007E7F
(6.300000) vcan0 101#0000000028233F34
(6.300000) vcan0 200#000000005E013F62
(6.300000) vcan0 201#8813E80300023F4E
(6.350000) vcan0 100#0000000000007F7E
(6.400000) vcan0 100#0000000000008081
(6.400000) vcan0 101#000000002823404B
(6.400000) vcan0 200#000000005E01401D
(6.400000) vcan0 201#8813E80300024031
(6.400000) vcan0 300#FF0000F00000202C
(6.450000) vcan0 100#0000000000008180
(6.500000) vcan0 100#0000000000008283
(6.500000) vcan0 101#000000002823414A
(6.500000) vcan0 200#000000005E01411C
(6.500000) vcan0 201#8813E80300024130
(6.500000) vcan0 400#681D90010C2B1ADD
(6.500000) vcan0 500#D1008C00002A0D7F
(6.550000) vcan0 100#0000000000008382
(6.600000) vcan0 100#0000000000008485
(6.600000) vcan0 101#0000000028234249
(6.600000) vcan0 200#000000005E01421F
(6.600000) vcan0 201#8813E80300024233
(6.600000) vcan0 300#FF0000F00000212D
(6.650000) vcan0 100#0000000000008584
(6.700000) vcan0 100#0000000000008687
(6.700000) vcan0 101#0000000028234348
(6.700000) vcan0 200#000000005E01431E
(6.700000) vcan0 201#8813E80300024332
(6.750000) vcan0 100#0000000000008786
(6.750000) vcan0 400#671D90010C2B1BD3
(6.800000) vcan0 100#0000000000008889
(6.800000) vcan0 101#000000002823444F
(6.800000) vcan0 200#000000005E014419
(6.800000) vcan0 201#8813E80300024435
(6.800000) vcan0 300#FF0000F00000222E
(6.850000) vcan0 100#0000000000008988
(6.900000) vcan0 100#0000000000008A8B
(6.900000) vcan0 101#000000002823454E
(6.900000) vcan0 200#000000005E014518
(6.900000) vcan0 201#8813E80300024534
(6.950000) vcan0 100#0000000000008B8A
(7.000000) vcan0 100#0000000000008C8D
(7.000000) vcan0 101#000000002823464D
(7.000000) vcan0 200#000000005E01461B
(7.000000) vcan0 201#8813E80300024637
(7.000000) vcan0 300#FF0000F00000232F
(7.000000) vcan0 400#661D90010C2B1CD5
(7.000000) vcan0 500#D1008C00002A0E7C
(7.000000) vcan0 600#4600000000000747
(7.050000) vcan0 100#0000000000008D8C
(7.100000) vcan0 100#0000000000008E8F
(7.100000) vcan0 101#000000002823474C
(7.100000) vcan0 200#000000005E01471A
(7.100000) vcan0 201#8813E80300024736
(7.150000) vcan0 100#0000000000008F8E
(7.200000) vcan0 100#0000000000009091
(7.200000) vcan0 101#0000000028234843
(7.200000) vcan0 200#000000005E014815
(7.200000) vcan0 201#8813E80300024839
(7.200000) vcan0 300#FF0000F000002428
(7.250000) vcan0 100#0000000000009190
(7.250000) vcan0 400#651D90010C2B1DD7
(7.300000) vcan0 100#0000000000009293
(7.300000) vcan0 101#0000000028234942
(7.300000) vcan0 200#000000005E014914
(7.300000) vcan0 201#8813E80300024938
(7.350000) vcan0 100#0000000000009392
(7.400000) vcan0 100#0000000000009495
(7.400000) vcan0 101#0000000028234A41
(7.400000) vcan0 200#000000005E014A17
(7.400000) vcan0 201#8813E80300024A3B
(7.400000) vcan0 300#FF0000F000002529
(7.450000) vcan0 100#0000000000009594
(7.500000) vcan0 100#0000000000009697
(7.500000) vcan0 101#0000000028234B40
(7.500000) vcan0 200#000000005E014B16
(7.500000) vcan0 201#8813E80300024B3A
(7.500000) vcan0 400#631D90010C2B1ED2
(7.500000) vcan0 500#D1008C00002A0F7D
(7.550000) vcan0 100#0000000000009796
(7.600000) vcan0 100#0000000000009899
(7.600000) vcan0 101#0000000028234C47
(7.600000) vcan0 200#000000005E014C11
(7.600000) vcan0 201#8813E80300024C3D
(7.600000) vcan0 300#FF0000F00000262A
(7.650000) vcan0 100#0000000000009998
(7.700000) vcan0 100#0000000000009A9B
(7.700000) vcan0 101#0000000028234D46
(7.700000) vcan0 200#000000005E014D10
(7.700000) vcan0 201#8813E80300024D3C
(7.750000) vcan0 100#0000000000009B9A
(7.750000) vcan0 400#621D90010C2B1FD2
(7.800000) vcan0 100#0000000000009C9D
(7.800000) vcan0 101#0000000028234E45
(7.800000) vcan0 200#000000005E014E13
(7.800000) vcan0 201#8813E80300024E3F
(7.800000) vcan0 300#FF0000F00000272B
(7.850000) vcan0 100#0000000000009D9C
(7.900000) vcan0 100#0000000000009E9F
(7.900000) vcan0 101#0000000028234F44
(7.900000) vcan0 200#000000005E014F12
(7.900000) vcan0 201#8813E80300024F3E
(7.950000) vcan0 100#0000000000009F9E
(8.000000) vcan0 100#000000000000A0A1
(8.000000) vcan0 101#000000002823505B
(8.000000) vcan0 200#000000005E01500D
(8.000000) vcan0 201#8813E80300025021
(8.000000) vcan0 300#FF0000F000002824
(8.000000) vcan0 400#601D90010C2B20EF
(8.000000) vcan0 500#D1008C00002A1062
(8.000000) vcan0 600#500000000000085E
(8.050000) vcan0 100#000000000000A1A0
(8.100000) vcan0 100#000000000000A2A3
(8.100000) vcan0 101#000000002823515A
(8.100000) vcan0 200#000000005E01510C
(8.100000) vcan0 201#8813E80300025120
(8.150000) vcan0 100#000000000000A3A2
(8.200000) vcan0 100#000000000000A4A5
(8.200000) vcan0 101#0000000028235259
(8.200000) vcan0 200#000000005E01520F
(8.200000) vcan0 201#8813E80300025223
(8.200000) vcan0 300#FF0000F000002925
(8.250000) vcan0 100#000000000000A5A4
(8.250000) vcan0 400#5F1D90010C2B21D1
(8.300000) vcan0 100#000000000000A6A7
(8.300000) vcan0 101#0000000028235358
(8.300000) vcan0 200#000000005E01530E
(8.300000) vcan0 201#8813E80300025322
(8.350000) vcan0 100#000000000000A7A6
(8.400000) vcan0 100#000000000000A8A9
(8.400000) vcan0 101#000000002823545F
(8.400000) vcan0 200#000000005E015409
(8.400000) vcan0 201#8813E80300025425
(8.400000) vcan0 300#FF0000F000002A26
(8.450000) vcan0 100#000000000000A9A8
(8.500000) vcan0 100#000000000000AAAB
(8.500000) vcan0 101#000000002823555E
(8.500000) vcan0 200#000000005E015508
(8.500000) vcan0 201#8813E80300025524
(8.500000) vcan0 400#5D1D90010C2B22D0
(8.500000) vcan0 500#D0008C00002A1162
(8.550000) vcan0 100#000000000000ABAA
(8.600000) vcan0 100#000000000000ACAD
(8.600000) vcan0 101#000000002823565D
(8.600000) vcan0 200#000000005E01560B
(8.600000) vcan0 201#8813E80300025627
(8.600000) vcan0 300#FF0000F000002B27
(8.650000) vcan0 100#000000000000ADAC
(8.700000) vcan0 100#000000000000AEAF
(8.700000) vcan0 101#000000002823575C
(8.700000) vcan0 200#000000005E01570A
(8.700000) vcan0 201#8813E80300025726
(8.750000) vcan0 100#000000000000AFAE
(8.750000) vcan0 400#5B1D90010C2B23D7
(8.800000) vcan0 100#000000000000B0B1
(8.800000) vcan0 101#0000000028235853
(8.800000) vcan0 200#000000005E015805
(8.800000) vcan0 201#8813E80300025829
(8.800000) vcan0 300#FF0000F000002C20
(8.850000) vcan0 100#000000000000B1B0
(8.900000) vcan0 100#000000000000B2B3
(8.900000) vcan0 101#0000000028235952
(8.900000) vcan0 200#000000005E015904
(8.900000) vcan0 201#8813E80300025928
(8.950000) vcan0 100#000000000000B3B2
(9.000000) vcan0 100#000000000000B4B5
(9.000000) vcan0 101#0000000028235A51
(9.000000) vcan0 200#000000005E015A07
(9.000000) vcan0 201#8813E80300025A2B
(9.000000) vcan0 300#FF0000F000002D21
(9.000000) vcan0 400#591D90010C2B24D2
(9.000000) vcan0 500#D0008C00002A1261
(9.000000) vcan0 600#5A00000000000955
(9.050000) vcan0 100#000000000000B5B4
(9.100000) vcan0 100#000000000000B6B7
(9.100000) vcan0 101#0000000028235B50
(9.100000) vcan0 200#000000005E015B06
(9.100000) vcan0 201#8813E80300025B2A
(9.150000) vcan0 100#000000000000B7B6
(9.200000) vcan0 100#000000000000B8B9
(9.200000) vcan0 101#0000000028235C57
(9.200000) vcan0 200#000000005E015C01
(9.200000) vcan0 201#8813E80300025C2D
(9.200000) vcan0 300#FF0000F000002E22
(9.250000) vcan0 100#000000000000B9B8
(9.250000) vcan0 400#571D90010C2B25DD
(9.300000) vcan0 100#000000000000BABB
(9.300000) vcan0 101#0000000028235D56
(9.300000) vcan0 200#000000005E015D00
(9.300000) vcan0 201#8813E80300025D2C
(9.350000) vcan0 100#000000000000BBBA
(9.400000) vcan0 100#000000000000BCBD
(9.400000) vcan0 101#0000000028235E55
(9.400000) vcan0 200#000000005E015E03
(9.400000) vcan0 201#8813E80300025E2F
(9.400000) vcan0 300#FF0000F000002F23
(9.450000) vcan0 100#000000000000BDBC
(9.500000) vcan0 100#000000000000BEBF
(9.500000) vcan0 101#0000000028235F54
(9.500000) vcan0 200#000000005E015F02
(9.500000) vcan0 201#8813E80300025F2E
(9.500000) vcan0 400#551D90010C2B26DC
(9.500000) vcan0 500#D0008C00002A1360
(9.550000) vcan0 100#000000000000BFBE
(9.600000) vcan0 100#000000000000C0C1
(9.600000) vcan0 101#000000002823606B
(9.600000) vcan0 200#000000005E01603D
(9.600000) vcan0 201#8813E80300026011
(9.600000) vcan0 300#FF0000F00000303C
(9.650000) vcan0 100#000000000000C1C0
(9.700000) vcan0 100#000000000000C2C3
(9.700000) vcan0 101#000000002823616A
(9.700000) vcan0 200#000000005E01613C
(9.700000) vcan0 201#8813E80300026110
(9.750000) vcan0 100#000000000000C3C2
(9.750000) vcan0 400#521D90010C2B27DA
(9.800000) vcan0 100#000000000000C4C5
(9.800000) vcan0 101#0000000028236269
(9.800000) vcan0 200#000000005E01623F
(9.800000) vcan0 201#8813E80300026213
(9.800000) vcan0 300#FF0000F00000313D
(9.850000) vcan0 100#000000000000C5C4
(9.900000) vcan0 100#000000000000C6C7
(9.900000) vcan0 101#0000000028236368
(9.900000) vcan0 200#000000005E01633E
(9.900000) vcan0 201#8813E80300026312
(9.950000) vcan0 100#000000000000C7C6
(10.000000) vcan0 100#000000000000C8C9
(10.000000) vcan0 101#000000002823646F
(10.000000) vcan0 200#000000005E016439
(10.000000) vcan0 201#8813E80300026415
(10.000000) vcan0 300#FF0000F00000323E
(10.000000) vcan0 400#501D90010C2B28D7
(10.000000) vcan0 500#D0008C00002A1467
(10.000000) vcan0 600#6400000000000A68
(10.050000) vcan0 100#000000000000C9C8
(10.100000) vcan0 100#000000000000CACB
(10.100000) vcan0 101#000000002823656E
(10.100000) vcan0 200#000000005E016538
(10.100000) vcan0 201#8813E80300026514
(10.150000) vcan0 100#000000000000CBCA
(10.200000) vcan0 100#000000000000CCCD
(10.200000) vcan0 101#000000002823666D
(10.200000) vcan0 200#000000005E01663B
(10.200000) vcan0 201#8813E80300026617
(10.200000) vcan0 300#000003F0000033C3
(10.250000) vcan0 100#000000000000CDCC
(10.250000) vcan0 400#4E1D90010C2B29C8
(10.300000) vcan0 100#000000000000CECF
(10.300000) vcan0 101#000000002823676C
(10.300000) vcan0 200#000000005E01673A
(10.300000) vcan0 201#8813E80300026716
(10.350000) vcan0 100#000000000000CFCE
(10.400000) vcan0 100#000000000000D0D1
(10.400000) vcan0 101#0000000028236863
(10.400000) vcan0 200#000000005E016835
(10.400000) vcan0 201#8813E80300026819
(10.400000) vcan0 300#000003F0000034C4
(10.450000) vcan0 100#000000000000D1D0
(10.500000) vcan0 100#000000000000D2D3
(10.500000) vcan0 101#0000000028236962
(10.500000) vcan0 200#000000005E016934
(10.500000) vcan0 201#8813E80300026918
(10.500000) vcan0 400#4C1D90010C2B2AC9
(10.500000) vcan0 500#D0008C00002A1566
(10.550000) vcan0 100#000000000000D3D2
(10.600000) vcan0 100#000000000000D4D5
(10.600000) vcan0 101#0000000028236A61
(10.600000) vcan0 200#000000005E016A37
(10.600000) vcan0 201#8813E80300026A1B
(10.600000) vcan0 300#000003F0000035C5
(10.650000) vcan0 100#000000000000D5D4
(10.700000) vcan0 100#000000000000D6D7
(10.700000) vcan0 101#0000000028236B60
(10.700000) vcan0 200#000000005E016B36
(10.700000) vcan0 201#8813E80300026B1A
(10.750000) vcan0 100#000000000000D7D6
(10.750000) vcan0 400#4A1D90010C2B2BCE
(10.800000) vcan0 100#000000000000D8D9
(10.800000) vcan0 101#0000000028236C67
(10.800000) vcan0 200#000000005E016C31
(10.800000) vcan0 201#8813E80300026C1D
(10.800000) vcan0 300#000003F0000036C6
(10.850000) vcan0 100#000000000000D9D8
(10.900000) vcan0 100#000000000000DADB
(10.900000) vcan0 101#0000000028236D66
(10.900000) vcan0 200#000000005E016D30
(10.900000) vcan0 201#8813E80300026D1C
(10.950000) vcan0 100#000000000000DBDA
(11.000000) vcan0 100#000000000000DCDD
(11.000000) vcan0 101#0000000028236E65
(11.000000) vcan0 200#000000005E016E33
(11.000000) vcan0 201#8813E80300026E1F
(11.000000) vcan0 300#000003F0000037C7
(11.000000) vcan0 400#471D90010C2B2CC4
(11.000000) vcan0 500#D0008C00002A1665
(11.000000) vcan0 600#6E00000000000B63
(11.050000) vcan0 100#000000000000DDDC
(11.100000) vcan0 100#000000000000DEDF
(11.100000) vcan0 101#0000000028236F64
(11.100000) vcan0 200#000000005E016F32
(11.100000) vcan0 201#8813E80300026F1E
(11.150000) vcan0 100#000000000000DFDE
(11.200000) vcan0 100#000000000000E0E1
(11.200000) vcan0 101#000000002823707B
(11.200000) vcan0 200#000000005E01702D
(11.200000) vcan0 201#8813E80300027001
(11.200000) vcan0 300#000003F0000038C8
(11.250000) vcan0 100#000000000000E1E0
(11.250000) vcan0 400#451D90010C2B2DC7
(11.300000) vcan0 100#000000000000E2E3
(11.300000) vcan0 101#000000002823717A
(11.300000) vcan0 200#000000005E01712C
(11.300000) vcan0 201#8813E80300027100
(11.350000) vcan0 100#000000000000E3E2
(11.400000) vcan0 100#000000000000E4E5
(11.400000) vcan0 101#0000000028237279
(11.400000) vcan0 200#000000005E01722F
(11.400000) vcan0 201#8813E80300027203
(11.400000) vcan0 300#000003F0000039C9
(11.450000) vcan0 100#000000000000E5E4
(11.500000) vcan0 100#000000000000E6E7
(11.500000) vcan0 101#0000000028237378
(11.500000) vcan0 200#000000005E01732E
(11.500000) vcan0 201#8813E80300027302
(11.500000) vcan0 400#431D90010C2B2EC2
(11.500000) vcan0 500#D0008C00002A1764
(11.550000) vcan0 100#000000000000E7E6
(11.600000) vcan0 100#000000000000E8E9
(11.600000) vcan0 101#000000002823747F
(11.600000) vcan0 200#000000005E017429
(11.600000) vcan0 201#8813E80300027405
(11.600000) vcan0 300#000003F000003ACA
(11.650000) vcan0 100#000000000000E9E8
(11.700000) vcan0 100#000000000000EAEB
(11.700000) vcan0 101#000000002823757E
(11.700000) vcan0 200#000000005E017528
(11.700000) vcan0 201#8813E80300027504
(11.750000) vcan0 100#000000000000EBEA
(11.750000) vcan0 400#411D90010C2B2FC1
(11.800000) vcan0 100#000000000000ECED
(11.800000) vcan0 101#000000002823767D
(11.800000) vcan0 200#000000005E01762B
(11.800000) vcan0 201#8813E80300027607
(11.800000) vcan0 300#000003F000003BCB
(11.850000) vcan0 100#000000000000EDEC
(11.900000) vcan0 100#000000000000EEEF
(11.900000) vcan0 101#000000002823777C
(11.900000) vcan0 200#000000005E01772A
(11.900000) vcan0 201#8813E80300027706
(11.950000) vcan0 100#000000000000EFEE
(12.000000) vcan0 100#000000000000F0F1
(12.000000) vcan0 101#0000000028237873
(12.000000) vcan0 200#000000005E017825
(12.000000) vcan0 201#8813E80300027809
(12.000000) vcan0 300#000003F000003CCC
(12.000000) vcan0 400#3F1D90010C2B30A0
(12.000000) vcan0 500#D0008C00002A186B
(12.000000) vcan0 600#7800000000000C72
(12.050000) vcan0 100#09008A020100F170
(12.100000) vcan0 100#15008A020100F26F
(12.100000) vcan0 101#0000000028237972
(12.100000) vcan0 200#0F00EE025F0179C6
(12.100000) vcan0 201#88130000000079E1
(12.150000) vcan0 100#21008A020100F35A
(12.200000) vcan0 100#2C008A020100F450
(12.200000) vcan0 101#0000000028237A71
(12.200000) vcan0 200#1F00EE025F017AD5
(12.200000) vcan0 201#8813000000007AE2
(12.200000) vcan0 300#000003F000003DCD
(12.250000) vcan0 100#38008A020100F545
(12.250000) vcan0 400#3D1D69020C2B3159
(12.300000) vcan0 100#44008A020100F63A
(12.300000) vcan0 101#0000000028237B70
(12.300000) vcan0 200#2F00EE0260017BDB
(12.300000) vcan0 201#8813000000007BE3
(12.350000) vcan0 100#50008A020100F72F
(12.400000) vcan0 100#5B008A020100F82B
(12.400000) vcan0 101#0000000028237C77
(12.400000) vcan0 200#3F00EE0260017CCC
(12.400000) vcan0 201#8813000000007CE4
(12.400000) vcan0 300#000003F000003ECE
(12.450000) vcan0 100#67008A020100F916
(12.500000) vcan0 100#73008A020100FA01
(12.500000) vcan0 101#0100000028237D77
(12.500000) vcan0 200#5000EE0261017DA3
(12.500000) vcan0 201#8813000000007DE5
(12.500000) vcan0 400#3B1D4B030C2B327F
(12.500000) vcan0 500#D0008C00002A196A
(12.550000) vcan0 100#7E008A020100FB0D
(12.600000) vcan0 100#8A008A020100FCFE
(12.600000) vcan0 101#0100000028237E74
(12.600000) vcan0 200#6000EE0261017E90
(12.600000) vcan0 201#8813000000007EE6
(12.600000) vcan0 300#000003F000003FCF
(12.650000) vcan0 100#96008A020100FDE3
(12.700000) vcan0 100#A1008A020100FED7
(12.700000) vcan0 101#0200000028237F76
(12.700000) vcan0 200#7000EE0262017F82
(12.700000) vcan0 201#8813000000007FE7
(12.750000) vcan0 100#AD008A020100FFDA
(12.750000) vcan0 400#391D2D040C2B331D
(12.800000) vcan0 100#B9008A0201000031
(12.800000) vcan0 101#0200000028238089
(12.800000) vcan0 200#8000EE026301808C
(12.800000) vcan0 201#8813000000008018
(12.800000) vcan0 300#000003F0000040B0
(12.850000) vcan0 100#C5008A020100014C
(12.900000) vcan0 100#D0008A020100025A
(12.900000) vcan0 101#0300000028238189
(12.900000) vcan0 200#9100EE026301819C
(12.900000) vcan0 201#8813000000008119
(12.950000) vcan0 100#DC008A0201000357
(13.000000) vcan0 100#E8008A0201000464
(13.000000) vcan0 101#030000002823828A
(13.000000) vcan0 200#A100EE02640182A8
(13.000000) vcan0 201#881300000000821A
(13.000000) vcan0 300#000003F0000041B1
(13.000000) vcan0 400#371D0F050C2B3437
(13.000000) vcan0 500#D0008C00002A1A69
(13.000000) vcan0 600#8200000000000D89
(13.050000) vcan0 100#F3008A020100057E
(13.100000) vcan0 100#FF008A0201000671
(13.100000) vcan0 101#040000002823838C
(13.100000) vcan0 200#B100EE02640183B9
(13.100000) vcan0 201#881300000000831B
(13.150000) vcan0 100#0B018A0201000785
(13.200000) vcan0 100#16018A0201000897
(13.200000) vcan0 101#050000002823848A
(13.200000) vcan0 200#C100EE02650184CF
(13.200000) vcan0 201#881300000000841C
(13.200000) vcan0 300#000003F0000042B2
(13.250000) vcan0 100#22018A02010009A2
(13.250000) vcan0 400#361DF1050C2B35C9
(13.300000) vcan0 100#2E018A0201000AAD
(13.300000) vcan0 101#050000002823858B
(13.300000) vcan0 200#D200EE02660185DE
(13.300000) vcan0 201#881300000000851D
(13.350000) vcan0 100#3A018A0201000BB8
(13.400000) vcan0 100#45018A0201000CC0
(13.400000) vcan0 101#060000002823868B
(13.400000) vcan0 200#E200EE02660186ED
(13.400000) vcan0 201#881300000000861E
(13.400000) vcan0 300#000003F0000043B3
(13.450000) vcan0 100#51018A0201000DD5
(13.500000) vcan0 100#5D018A0201000EDA
(13.500000) vcan0 101#070000002823878B
(13.500000) vcan0 200#F200EE02670187FD
(13.500000) vcan0 201#881300000000871F
(13.500000) vcan0 400#341DD3060C2B36E9
(13.500000) vcan0 500#D0008C00002A1B68
(13.550000) vcan0 100#68018A0201000FEE
(13.600000) vcan0 100#74018A02010010ED
(13.600000) vcan0 101#080000002823888B
(13.600000) vcan0 200#0201EE0267018803
(13.600000) vcan0 201#8813000000008810
(13.600000) vcan0 300#000003F0000044B4
(13.650000) vcan0 100#80018A0201001118
(13.700000) vcan0 100#8B018A0201001210
(13.700000) vcan0 101#090000002823898B
(13.700000) vcan0 200#1301EE026801891C
(13.700000) vcan0 201#8813000000008911
(13.750000) vcan0 100#97018A020100130D
(13.750000) vcan0 400#331DB6070C2B378B
(13.800000) vcan0 100#A3018A020100143E
(13.800000) vcan0 101#0A00000028238A8B
(13.800000) vcan0 200#2301EE0268018A2F
(13.800000) vcan0 201#8813000000008A12
(13.800000) vcan0 300#000003F0000045B5
(13.850000) vcan0 100#AF018A0201001533
(13.900000) vcan0 100#BA018A0201001625
(13.900000) vcan0 101#0C00000028238B8C
(13.900000) vcan0 200#3301EE0269018B3F
(13.900000) vcan0 201#8813000000008B13
(13.950000) vcan0 100#C6018A0201001758
(14.000000) vcan0 100#D2018A0201001843
(14.000000) vcan0 101#0D00000028238C8A
(14.000000) vcan0 200#4301EE026A018C4B
(14.000000) vcan0 201#8813000000008C14
(14.000000) vcan0 300#000003F0000046B6
(14.000000) vcan0 400#321D98080C2B38A4
(14.000000) vcan0 500#D0008C00002A1C6F
(14.000000) vcan0 600#8C00000000000E84
(14.050000) vcan0 100#DD018A020100194D
(14.100000) vcan0 100#E9018A0201001A7A
(14.100000) vcan0 101#0E00000028238D88
(14.100000) vcan0 200#5401EE026A018D5D
(14.100000) vcan0 201#8813000000008D15
(14.150000) vcan0 100#F5018A0201001B67
(14.200000) vcan0 100#00028A0201001C96
(14.200000) vcan0 101#1000000028238E95
(14.200000) vcan0 200#6401EE026B018E6F
(14.200000) vcan0 201#8813000000008E16
(14.200000) vcan0 300#000003F0000047B7
(14.250000) vcan0 100#0C028A0201001D9B
(14.250000) vcan0 400#311D7A090C2B3945
(14.300000) vcan0 100#18028A0201001E8C
(14.300000) vcan0 101#1100000028238F95
(14.300000) vcan0 200#7401EE026B018F7E
(14.300000) vcan0 201#8813000000008F17
(14.350000) vcan0 100#24028A0201001FB1
(14.400000) vcan0 100#2F028A0201002085
(14.400000) vcan0 101#1300000028239088
(14.400000) vcan0 200#8401EE026C019096
(14.400000) vcan0 201#8813000000009008
(14.400000) vcan0 300#000003F0000048B8
(14.450000) vcan0 100#3B028A0201002190
(14.500000) vcan0 100#47028A02010022EF
(14.500000) vcan0 101#140000002823918E
(14.500000) vcan0 200#9501EE026C019186
(14.500000) vcan0 201#8813000000009109
(14.500000) vcan0 400#301D5D0A0C2B3A63
(14.500000) vcan0 500#D0008C00002A1D6E
(14.550000) vcan0 100#52028A02010023FB
(14.600000) vcan0 100#5E028A02010024F0
(14.600000) vcan0 101#160000002823928F
(14.600000) vcan0 200#A501EE026D0192B4
(14.600000) vcan0 201#881300000000920A
(14.600000) vcan0 300#000003F0000049B9
(14.650000) vcan0 100#6A028A02010025C5
(14.700000) vcan0 100#75028A02010026D9
(14.700000) vcan0 101#1800000028239380
(14.700000) vcan0 200#B501EE026E0193A6
(14.700000) vcan0 201#881300000000930B
(14.750000) vcan0 100#81028A020100272C
(14.750000) vcan0 400#2F1D3F0B0C2B3B1E
(14.800000) vcan0 100#8D028A020100282F
(14.800000) vcan0 101#1900000028239486
(14.800000) vcan0 200#C501EE026E0194D1
(14.800000) vcan0 201#881300000000940C
(14.800000) vcan0 300#000003F000004ABA
(14.850000) vcan0 100#99028A020100293A
(14.900000) vcan0 100#A4028A0201002A04
(14.900000) vcan0 101#1B00000028239585
(14.900000) vcan0 200#D601EE026F0195C2
(14.900000) vcan0 201#881300000000950D
(14.950000) vcan0 100#B0028A0201002B11
(15.000000) vcan0 100#BC028A0201002C1A
(15.000000) vcan0 101#1D00000028239680
(15.000000) vcan0 200#E601EE026F0196F1
(15.000000) vcan0 201#881300000000960E
(15.000000) vcan0 300#000003F000004BBB
(15.000000) vcan0 400#2F1D220C0C2B3C03
(15.000000) vcan0 500#D0008C00002A1E6D
(15.000000) vcan0 600#9600000000000F9F
(15.050000) vcan0 100#C7028A0201002D60
(15.100000) vcan0 100#D3028A0201002E77
(15.100000) vcan0 101#1F00000028239783
(15.100000) vcan0 200#F601EE02700197FF
(15.100000) vcan0 201#881300000000970F
(15.150000) vcan0 100#DF028A0201002F7A
(15.200000) vcan0 100#EA028A0201003050
(15.200000) vcan0 101#21000000282398B2
(15.200000) vcan0 200#0602EE0270019803
(15.200000) vcan0 201#8813000000009800
(15.200000) vcan0 300#000003F000004CBC
(15.250000) vcan0 100#F6028A020100314D
(15.250000) vcan0 400#2E1D040D0C2B3D24
(15.300000) vcan0 100#02038A02010032BB
(15.300000) vcan0 101#23000000282399B1
(15.300000) vcan0 200#1702EE0271019912
(15.300000) vcan0 201#8813000000009901
(15.350000) vcan0 100#0E038A02010033B6
(15.400000) vcan0 100#19038A02010034A6
(15.400000) vcan0 101#2500000028239AB4
(15.400000) vcan0 200#2702EE0271019A21
(15.400000) vcan0 201#8813000000009A02
(15.400000) vcan0 300#000003F000004DBD
(15.450000) vcan0 100#25038A020100359B
(15.500000) vcan0 100#31038A020100368C
(15.500000) vcan0 101#2800000028239BB8
(15.500000) vcan0 200#3702EE0272019B33
(15.500000) vcan0 201#8813000000009B03
(15.500000) vcan0 400#2E1DE60D0C2B3EC5
(15.500000) vcan0 500#CF008C00002A1F73
(15.550000) vcan0 100#3C038A0201003780
(15.600000) vcan0 100#48038A02010038FB
(15.600000) vcan0 101#2A00000028239CBD
(15.600000) vcan0 200#4702EE0273019C45
(15.600000) vcan0 201#8813000000009C04
(15.600000) vcan0 300#000003F000004EBE
(15.650000) vcan0 100#54038A02010039E6
(15.700000) vcan0 100#5F038A0201003AEE
(15.700000) vcan0 101#2C00000028239DBA
(15.700000) vcan0 200#5802EE0273019D5B
(15.700000) vcan0 201#8813000000009D05
(15.750000) vcan0 100#6B038A0201003BDB
(15.750000) vcan0 400#2E1DC90E0C2B3FE8
(15.800000) vcan0 100#77038A0201003CC0
(15.800000) vcan0 101#2F00000028239EBA
(15.800000) vcan0 200#6802EE0274019E6F
(15.800000) vcan0 201#8813000000009E06
(15.800000) vcan0 300#000003F000004FBF
(15.850000) vcan0 100#83038A0201003D35
(15.900000) vcan0 100#8E038A0201003E3B
(15.900000) vcan0 101#3100000028239FA5
(15.900000) vcan0 200#7802EE0274019F7E
(15.900000) vcan0 201#8813000000009F07
(15.950000) vcan0 100#9A038A0201003F2E
(16.000000) vcan0 100#A6038A020100406D
(16.000000) vcan0 101#340000002823A09F
(16.000000) vcan0 200#8802EE027501A0B0
(16.000000) vcan0 201#881300000000A038
(16.000000) vcan0 300#000003F0000050A0
(16.000000) vcan0 400#2E1DAB0F0C2B40F4
(16.000000) vcan0 500#CF008C00002A204C
(16.000000) vcan0 600#A0000000000010B6
(16.050000) vcan0 100#B1038A020100417B
(16.100000) vcan0 100#BD038A0201004274
(16.100000) vcan0 101#360000002823A19C
(16.100000) vcan0 200#9902EE027501A1A0
(16.100000) vcan0 201#881300000000A139
(16.150000) vcan0 100#C9038A0201004301
(16.200000) vcan0 100#D4038A020100441B
(16.200000) vcan0 101#390000002823A290
(16.200000) vcan0 200#A902EE027601A290
(16.200000) vcan0 201#881300000000A23A
(16.200000) vcan0 300#000003F0000051A1
(16.250000) vcan0 100#E0038A020100452E
(16.250000) vcan0 400#2E1D8D100C2B41CC
(16.300000) vcan0 100#EC038A0201004621
(16.300000) vcan0 101#3C0000002823A394
(16.300000) vcan0 200#B902EE027601A381
(16.300000) vcan0 201#881300000000A33B
(16.350000) vcan0 100#F8038A0201004734
(16.400000) vcan0 100#03048A02010048C7
(16.400000) vcan0 101#3F0000002823A490
(16.400000) vcan0 200#C902EE027701A4F7
(16.400000) vcan0 201#881300000000A43C
(16.400000) vcan0 300#000003F0000052A2
(16.450000) vcan0 100#0F048A02010049CA
(16.500000) vcan0 100#1B048A0201004ADD
(16.500000) vcan0 101#420000002823A5EC
(16.500000) vcan0 200#DA02EE027801A5EA
(16.500000) vcan0 201#881300000000A53D
(16.500000) vcan0 400#2F1D6F110C2B422D
(16.500000) vcan0 500#CF008C00002A214D
(16.550000) vcan0 100#26048A0201004BE1
(16.600000) vcan0 100#32048A0201004CF2
(16.600000) vcan0 101#440000002823A6E9
(16.600000) vcan0 200#EA02EE027801A6D9
(16.600000) vcan0 201#881300000000A63E
(16.600000) vcan0 300#000003F0000053A3
(16.650000) vcan0 100#3E048A0201004DFF
(16.700000) vcan0 100#49048A0201004E8B
(16.700000) vcan0 101#470000002823A7EB
(16.700000) vcan0 200#FA02EE027901A7C9
(16.700000) vcan0 201#881300000000A73F
(16.750000) vcan0 100#55048A0201004F96
(16.750000) vcan0 400#2F1D51120C2B4311
(16.800000) vcan0 100#61048A02010050BD
(16.800000) vcan0 101#4B0000002823A8E8
(16.800000) vcan0 200#0A03EE027901A837
(16.800000) vcan0 201#881300000000A830
(16.800000) vcan0 300#000003F0000054A4
(16.850000) vcan0 100#6D048A02010051B0
(16.900000) vcan0 100#78048A02010052A6
(16.900000) vcan0 101#4E0000002823A9EC
(16.900000) vcan0 200#1B03EE027A01A924
(16.900000) vcan0 201#881300000000A931
(16.950000) vcan0 100#84048A020100535B
(17.000000) vcan0 100#90048A0201005448
(17.000000) vcan0 101#510000002823AAF0
(17.000000) vcan0 200#2B03EE027A01AA17
(17.000000) vcan0 201#881300000000AA32
(17.000000) vcan0 300#000003F0000055A5
(17.000000) vcan0 400#301D32130C2B446B
(17.000000) vcan0 500#CF008C00002A224E
(17.000000) vcan0 600#AA000000000011BD
(17.050000) vcan0 100#9B048A0201005542
(17.100000) vcan0 100#A7048A020100567D
(17.100000) vcan0 101#540000002823ABF4
(17.100000) vcan0 200#3B03EE027B01AB07
(17.100000) vcan0 201#881300000000AB33
(17.150000) vcan0 100#B3048A0201005768
(17.200000) vcan0 100#BE048A020100586A
(17.200000) vcan0 101#580000002823ACFF
(17.200000) vcan0 200#4B03EE027B01AC70
(17.200000) vcan0 201#881300000000AC34
(17.200000) vcan0 300#000003F0000056A6
(17.250000) vcan0 100#CA048A020100591F
(17.250000) vcan0 400#311D14140C2B454A
(17.300000) vcan0 100#D6048A0201005A00
(17.300000) vcan0 101#5B0000002823ADFD
(17.300000) vcan0 200#5C03EE027C01AD61
(17.300000) vcan0 201#881300000000AD35
(17.350000) vcan0 100#E2048A0201005B35
(17.400000) vcan0 100#ED048A0201005C3D
(17.400000) vcan0 101#5E0000002823AEFB
(17.400000) vcan0 200#6C03EE027D01AE53
(17.400000) vcan0 201#881300000000AE36
(17.400000) vcan0 300#000003F0000057A7
(17.450000) vcan0 100#F9048A0201005D28
(17.500000) vcan0 100#05058A0201005ED6
(17.500000) vcan0 101#620000002823AFC6
(17.500000) vcan0 200#7C03EE027D01AF42
(17.500000) vcan0 201#881300000000AF37
(17.500000) vcan0 400#321DF5140C2B46AB
(17.500000) vcan0 500#CF008C00002A234F
(17.550000) vcan0 100#10058A0201005FC2
(17.600000) vcan0 100#1C058A02010060F1
(17.600000) vcan0 101#660000002823B0DD
(17.600000) vcan0 200#8C03EE027E01B0AE
(17.600000) vcan0 201#881300000000B028
(17.600000) vcan0 300#000003F0000058A8
(17.650000) vcan0 100#28058A02010061C4
(17.700000) vcan0 100#33058A02010062DC
(17.700000) vcan0 101#690000002823B1D3
(17.700000) vcan0 200#9D03EE027E01B1BE
(17.700000) vcan0 201#881300000000B129
(17.750000) vcan0 100#3F058A02010063D1
(17.750000) vcan0 400#331DD7150C2B4788
(17.800000) vcan0 100#4B058A02010064A2
(17.800000) vcan0 101#6D0000002823B2D4
(17.800000) vcan0 200#AD03EE027F01B28C
(17.800000) vcan0 201#881300000000B22A
(17.800000) vcan0 300#000003F0000059A9
(17.850000) vcan0 100#57058A02010065BF
(17.900000) vcan0 100#62058A0201006689
(17.900000) vcan0 101#710000002823B3C9
(17.900000) vcan0 200#BD03EE027F01B39D
(17.900000) vcan0 201#881300000000B32B
(17.950000) vcan0 100#6E058A0201006784
(18.000000) vcan0 100#7A058A020100689F
(18.000000) vcan0 101#750000002823B4CA
(18.000000) vcan0 200#CD03EE028001B415
(18.000000) vcan0 201#881300000000B42C
(18.000000) vcan0 300#000003F000005AAA
(18.000000) vcan0 400#351DB8160C2B48ED
(18.000000) vcan0 500#CF008C00002A2448
(18.000000) vcan0 600#B4000000000012A0
(18.050000) vcan0 100#85058A0201006961
(18.100000) vcan0 100#91058A0201006A76
(18.100000) vcan0 101#790000002823B5C7
(18.100000) vcan0 200#DE03EE028001B507
(18.100000) vcan0 201#881300000000B52D
(18.150000) vcan0 100#9D058A0201006B7B
(18.200000) vcan0 100#A8058A0201006C49
(18.200000) vcan0 101#7D0000002823B6C0
(18.200000) vcan0 200#EE03EE028101B635
(18.200000) vcan0 201#881300000000B62E
(18.200000) vcan0 300#000003F000005BAB
(18.250000) vcan0 100#B4058A0201006D54
(18.250000) vcan0 400#361D99170C2B49CF
(18.300000) vcan0 100#C0058A0201006E23
(18.300000) vcan0 101#810000002823B73D
(18.300000) vcan0 200#FE03EE028101B724
(18.300000) vcan0 201#881300000000B72F
(18.350000) vcan0 100#CC058A0201006F2E
(18.400000) vcan0 100#D7058A020100702A
(18.400000) vcan0 101#850000002823B836
(18.400000) vcan0 200#0E04EE028201B8DF
(18.400000) vcan0 201#881300000000B820
(18.400000) vcan0 300#000003F000005CAC
(18.450000) vcan0 100#E3058A020100711F
(18.500000) vcan0 100#EF058A0201007210
(18.500000) vcan0 101#890000002823B93B
(18.500000) vcan0 200#1F04EE028301B9CE
(18.500000) vcan0 201#881300000000B921
(18.500000) vcan0 400#381D79180C2B4A2D
(18.500000) vcan0 500#CF008C00002A2549
(18.550000) vcan0 100#FA058A0201007304
(18.600000) vcan0 100#06068A02010074FC
(18.600000) vcan0 101#8D0000002823BA3C
(18.600000) vcan0 200#2F04EE028301BAFD
(18.600000) vcan0 201#881300000000BA22
(18.600000) vcan0 300#000003F000005DAD
(18.650000) vcan0 100#12068A02010075E9
(18.700000) vcan0 100#1D068A02010076E5
(18.700000) vcan0 101#910000002823BB21
(18.700000) vcan0 200#3F04EE028401BBEB
(18.700000) vcan0 201#881300000000BB23
(18.750000) vcan0 100#29068A02010077D0
(18.750000) vcan0 400#3A1D5A190C2B4B0C
(18.800000) vcan0 100#35068A02010078C3
(18.800000) vcan0 101#960000002823BC21
(18.800000) vcan0 200#4F04EE028401BC9C
(18.800000) vcan0 201#881300000000BC24
(18.800000) vcan0 300#000003F000005EAE
(18.850000) vcan0 100#41068A02010079B6
(18.900000) vcan0 100#4C068A0201007AB8
(18.900000) vcan0 101#9A0000002823BD2C
(18.900000) vcan0 200#6004EE028501BDB3
(18.900000) vcan0 201#881300000000BD25
(18.950000) vcan0 100#58068A0201007BAD
(19.000000) vcan0 100#64068A0201007C96
(19.000000) vcan0 101#9F0000002823BE2A
(19.000000) vcan0 200#7004EE028501BEA0
(19.000000) vcan0 201#881300000000BE26
(19.000000) vcan0 300#000003F000005FAF
(19.000000) vcan0 400#3B1D3A1A0C2B4C69
(19.000000) vcan0 500#CF008C00002A264A
(19.000000) vcan0 600#BE000000000013AB
(19.050000) vcan0 100#6F068A0201007D9C
(19.100000) vcan0 100#7B068A0201007E8B
(19.100000) vcan0 101#A30000002823BF17
(19.100000) vcan0 200#8004EE028601BF52
(19.100000) vcan0 201#881300000000BF27
(19.150000) vcan0 100#87068A0201007F76
(19.200000) vcan0 100#92068A020100809C
(19.200000) vcan0 101#A80000002823C063
(19.200000) vcan0 200#9004EE028601C03D
(19.200000) vcan0 201#881300000000C058
(19.200000) vcan0 300#000003F000006090
(19.250000) vcan0 100#9E068A0201008191
(19.250000) vcan0 400#3D1D1A1B0C2B4D4F
(19.300000) vcan0 100#AA068A02010082A6
(19.300000) vcan0 101#AD0000002823C167
(19.300000) vcan0 200#A104EE028701C10C
(19.300000) vcan0 201#881300000000C159
(19.350000) vcan0 100#B6068A02010083BB
(19.400000) vcan0 100#C1068A02010084CB
(19.400000) vcan0 101#B10000002823C278
(19.400000) vcan0 200#B104EE028701C21F
(19.400000) vcan0 201#881300000000C25A
(19.400000) vcan0 300#000003F000006191
(19.450000) vcan0 100#CD068A02010085C6
(19.500000) vcan0 100#D9068A02010086D1
(19.500000) vcan0 101#B60000002823C37E
(19.500000) vcan0 200#C104EE028801C361
(19.500000) vcan0 201#881300000000C35B
(19.500000) vcan0 400#3F1DFA1B0C2B4EAE
(19.500000) vcan0 500#CF008C00002A274B
(19.550000) vcan0 100#E4068A02010087ED
(19.600000) vcan0 100#F0068A02010088F6
(19.600000) vcan0 101#BB0000002823C474
(19.600000) vcan0 200#D104EE028901C477
(19.600000) vcan0 201#881300000000C45C
(19.600000) vcan0 300#000003F000006292
(19.650000) vcan0 100#FC068A02010089FB
(19.700000) vcan0 100#07078A0201008A02
(19.700000) vcan0 101#C00000002823C50E
(19.700000) vcan0 200#E204EE028901C545
(19.700000) vcan0 201#881300000000C55D
(19.750000) vcan0 100#13078A0201008B17
(19.750000) vcan0 400#411DDA1C0C2B4FF6
(19.800000) vcan0 100#1F078A0201008C1C
(19.800000) vcan0 101#C50000002823C608
(19.800000) vcan0 200#F204EE028A01C655
(19.800000) vcan0 201#881300000000C65E
(19.800000) vcan0 300#000003F000006393
(19.850000) vcan0 100#2B078A0201008D29
(19.900000) vcan0 100#36078A0201008E37
(19.900000) vcan0 101#CA0000002823C706
(19.900000) vcan0 200#0205EE028A01C7A5
(19.900000) vcan0 201#881300000000C75F
(19.950000) vcan0 100#42078A0201008F42
(20.000000) vcan0 100#4E078A0201009051
(20.000000) vcan0 101#CF0000002823C80C
(20.000000) vcan0 200#1205EE028B01C8BB
(20.000000) vcan0 201#881300000000C850
(20.000000) vcan0 300#000003F000006494
(20.000000) vcan0 400#441DBA1D0C2B508D
(20.000000) vcan0 500#CF008C00002A2844
(20.000000) vcan0 600#C8000000000014DA
(20.050000) vcan0 100#59078A0201009147
(20.100000) vcan0 100#65078A0201009278
(20.100000) vcan0 101#D50000002823C917
(20.100000) vcan0 200#2305EE028B01C98B
(20.100000) vcan0 201#881300000000C951
(20.150000) vcan0 100#71078A020100936D
(20.200000) vcan0 100#7C078A0201009467
(20.200000) vcan0 101#DA0000002823CA1B
(20.200000) vcan0 200#3305EE028C01CA9F
(20.200000) vcan0 201#881300000000CA52
(20.200000) vcan0 300#000003F000006595
(20.250000) vcan0 100#88078A0201009592
(20.250000) vcan0 400#461D991E0C2B51AE
(20.300000) vcan0 100#94078A020100968D
(20.300000) vcan0 101#DF0000002823CB1F
(20.300000) vcan0 200#4305EE028C01CBEE
(20.300000) vcan0 201#881300000000CB53
(20.350000) vcan0 100#A0078A02010097B8
(20.400000) vcan0 100#AB078A02010098BC
(20.400000) vcan0 101#E50000002823CC22
(20.400000) vcan0 200#5305EE028D01CCF8
(20.400000) vcan0 201#881300000000CC54
(20.400000) vcan0 300#000003F000006696
(20.450000) vcan0 100#B7078A02010099A1
(20.500000) vcan0 100#C3078A0201009AD6
(20.500000) vcan0 101#EA0000002823CD2C
(20.500000) vcan0 200#6405EE028D01CDCE
(20.500000) vcan0 201#881300000000CD55
(20.500000) vcan0 400#481D781F0C2B5243
(20.500000) vcan0 500#CF008C00012A2944
(20.550000) vcan0 100#CE078A0201009BDA
(20.600000) vcan0 100#DA078A0201009CC9
(20.600000) vcan0 101#F00000002823CE35
(20.600000) vcan0 200#7405EE028E01CEDE
(20.600000) vcan0 201#881300000000CE56
(20.600000) vcan0 300#000003F000006797
(20.650000) vcan0 100#E6078A0201009DF4
(20.700000) vcan0 100#F1078A0201009EE0
(20.700000) vcan0 101#F50000002823CF31
(20.700000) vcan0 200#8405EE028E01CF2F
(20.700000) vcan0 201#881300000000CF57
(20.750000) vcan0 100#FD078A0201009FED
(20.750000) vcan0 400#4A1D57200C2B5350
(20.800000) vcan0 100#09088A020100A029
(20.800000) vcan0 101#FB0000002823D020
(20.800000) vcan0 200#9405EE028F01D021
(20.800000) vcan0 201#881300000000D048
(20.800000) vcan0 300#000003F000006898
(20.850000) vcan0 100#15088A020100A134
(20.900000) vcan0 100#20088A020100A202
(20.900000) vcan0 101#010100002823D1DA
(20.900000) vcan0 200#A505EE028F01D111
(20.900000) vcan0 201#881300000000D149
(20.950000) vcan0 100#2C088A020100A30F
(21.000000) vcan0 100#38088A020100A41C
(21.000000) vcan0 101#070100002823D2DF
(21.000000) vcan0 200#B505EE029001D21D
(21.000000) vcan0 201#881300000000D24A
(21.000000) vcan0 300#000003F000006999
(21.000000) vcan0 400#4D1D36210C2B5430
(21.000000) vcan0 500#CF008C00012A2A47
(21.000000) vcan0 600#D2000000000015C1
(21.050000) vcan0 100#43088A020100A566
(21.100000) vcan0 100#4F088A020100A669
(21.100000) vcan0 101#0D0100002823D3D4
(21.100000) vcan0 200#C505EE029001D36C
(21.100000) vcan0 201#881300000000D34B
(21.150000) vcan0 100#5B088A020100A77C
(21.200000) vcan0 100#66088A020100A84E
(21.200000) vcan0 101#120100002823D4CC
(21.200000) vcan0 200#D505EE029101D47A
(21.200000) vcan0 201#881300000000D44C
(21.200000) vcan0 300#000003F000006A9A
(21.250000) vcan0 100#72088A020100A95B
(21.250000) vcan0 400#4F1D15220C2B5513
(21.300000) vcan0 100#7E088A020100AA54
(21.300000) vcan0 101#180100002823D5C7
(21.300000) vcan0 200#E605EE029201D54B
(21.300000) vcan0 201#881300000000D54D
(21.350000) vcan0 100#8A088A020100ABA1
(21.400000) vcan0 100#95088A020100ACB9
(21.400000) vcan0 101#1F0100002823D6C3
(21.400000) vcan0 200#F605EE029201D658
(21.400000) vcan0 201#881300000000D64E
(21.400000) vcan0 300#000003F000006B9B
(21.450000) vcan0 100#A1088A020100AD8C
(21.500000) vcan0 100#AD088A020100AE83
(21.500000) vcan0 101#250100002823D7F8
(21.500000) vcan0 200#0606EE029301D7AB
(21.500000) vcan0 201#881300000000D74F
(21.500000) vcan0 400#511DF4220C2B56EF
(21.500000) vcan0 500#CF008C00012A2B46
(21.550000) vcan0 100#B8088A020100AF97
(21.600000) vcan0 100#C4088A020100B0F4
(21.600000) vcan0 101#2B0100002823D8F9
(21.600000) vcan0 200#1606EE029301D8B4
(21.600000) vcan0 201#881300000000D840
(21.600000) vcan0 300#000003F000006C9C
(21.650000) vcan0 100#D0088A020100B1E1
(21.700000) vcan0 100#DB088A020100B2E9
(21.700000) vcan0 101#310100002823D9E2
(21.700000) vcan0 200#2706EE029401D983
(21.700000) vcan0 201#881300000000D941
(21.750000) vcan0 100#E7088A020100B3D4
(21.750000) vcan0 400#531DD3230C2B57CA
(21.800000) vcan0 100#F3088A020100B4C7
(21.800000) vcan0 101#370100002823DAE7
(21.800000) vcan0 200#3706EE029401DA90
(21.800000) vcan0 201#881300000000DA42
(21.800000) vcan0 300#000003F000006D9D
(21.850000) vcan0 100#FF088A020100B5CA
(21.900000) vcan0 100#0A098A020100B63D
(21.900000) vcan0 101#3E0100002823DBEF
(21.900000) vcan0 200#4706EE029501DBE0
(21.900000) vcan0 201#881300000000DB43
(21.950000) vcan0 100#16098A020100B720
(22.000000) vcan0 100#22098A020100B81B
(22.000000) vcan0 101#440100002823DC92
(22.000000) vcan0 200#5706EE029501DCF7
(22.000000) vcan0 201#881300000000DC44
(22.000000) vcan0 300#000003F000006E9E
(22.000000) vcan0 400#551DB1240C2B58A6
(22.000000) vcan0 500#CF008C00012A2C41
(22.000000) vcan0 600#DC000000000016CC
(22.050000) vcan0 100#2D098A020100B915
(22.100000) vcan0 100#39098A020100BA02
(22.100000) vcan0 101#4B0100002823DD9C
(22.100000) vcan0 200#6806EE029601DDCA
(22.100000) vcan0 201#881300000000DD45
(22.150000) vcan0 100#45098A020100BB7F
(22.200000) vcan0 100#50098A020100BC6D
(22.200000) vcan0 101#510100002823DE85
(22.200000) vcan0 200#7806EE029601DED9
(22.200000) vcan0 201#881300000000DE46
(22.200000) vcan0 300#000003F000006F9F
(22.250000) vcan0 100#5C098A020100BD60
(22.250000) vcan0 400#571D90250C2B5985
(22.300000) vcan0 100#68098A020100BE57
(22.300000) vcan0 101#580100002823DF8D
(22.300000) vcan0 200#8806EE029701DF29
(22.300000) vcan0 201#881300000000DF47
(22.350000) vcan0 100#74098A020100BF4A
(22.400000) vcan0 100#7F098A020100C03E
(22.400000) vcan0 101#5F0100002823E0B5
(22.400000) vcan0 200#9806EE029701E006
(22.400000) vcan0 201#881300000000E078
(22.400000) vcan0 300#000003F000007080
(22.450000) vcan0 100#8B098A020100C1CB
(22.500000) vcan0 100#97098A020100C2D4
(22.500000) vcan0 101#660100002823E18D
(22.500000) vcan0 200#A906EE029801E139
(22.500000) vcan0 201#881300000000E179
(22.500000) vcan0 400#5A1D6E260C2B5A76
(22.500000) vcan0 500#CF008C00012A2D40
(22.550000) vcan0 100#A2098A020100C3E0
(22.600000) vcan0 100#AE098A020100C4EB
(22.600000) vcan0 101#6C0100002823E284
(22.600000) vcan0 200#B906EE029801E22A
(22.600000) vcan0 201#881300000000E27A
(22.600000) vcan0 300#000003F000007181
(22.650000) vcan0 100#BA098A020100C5FE
(22.700000) vcan0 100#C5098A020100C682
(22.700000) vcan0 101#730100002823E39A
(22.700000) vcan0 200#C906EE029901E35A
(22.700000) vcan0 201#881300000000E37B
(22.750000) vcan0 100#D1098A020100C797
(22.750000) vcan0 400#5B1D4C270C2B5B55
(22.800000) vcan0 100#DD098A020100C894
(22.800000) vcan0 101#7A0100002823E494
(22.800000) vcan0 200#D906EE029901E44D
(22.800000) vcan0 201#881300000000E47C
(22.800000) vcan0 300#000003F000007282
(22.850000) vcan0 100#E9098A020100C9A1
(22.900000) vcan0 100#F4098A020100CABF
(22.900000) vcan0 101#810100002823E56E
(22.900000) vcan0 200#EA06EE029A01E57C
(22.900000) vcan0 201#881300000000E57D
(22.950000) vcan0 100#000A8A020100CB49
(23.000000) vcan0 100#0C0A8A020100CC42
(23.000000) vcan0 101#890100002823E665
(23.000000) vcan0 200#FA06EE029A01E66F
(23.000000) vcan0 201#881300000000E67E
(23.000000) vcan0 300#000003F000007383
(23.000000) vcan0 400#5D1D2B280C2B5C3C
(23.000000) vcan0 500#CF008C00012A2E43
(23.000000) vcan0 600#E6000000000017F7
(23.050000) vcan0 100#170A8A020100CD58
(23.100000) vcan0 100#230A8A020100CE6F
(23.100000) vcan0 101#900100002823E77D
(23.100000) vcan0 200#0A07EE029B01E79E
(23.100000) vcan0 201#881300000000E77F
(23.150000) vcan0 100#2F0A8A020100CF62
(23.200000) vcan0 100#3A0A8A020100D068
(23.200000) vcan0 101#970100002823E875
(23.200000) vcan0 200#1A07EE029B01E881
(23.200000) vcan0 201#881300000000E870
(23.200000) vcan0 300#000003F000007484
(23.250000) vcan0 100#460A8A020100D115
(23.250000) vcan0 400#5F1D09290C2B5D1C
(23.300000) vcan0 100#520A8A020100D202
(23.300000) vcan0 101#9E0100002823E97D
(23.300000) vcan0 200#2B07EE029C01E9B6
(23.300000) vcan0 201#881300000000E971
(23.350000) vcan0 100#5E0A8A020100D30F
(23.400000) vcan0 100#690A8A020100D43F
(23.400000) vcan0 101#A60100002823EA46
(23.400000) vcan0 200#3B07EE029C01EAA5
(23.400000) vcan0 201#881300000000EA72
(23.400000) vcan0 300#000003F000007585
(23.450000) vcan0 100#750A8A020100D522
(23.500000) vcan0 100#810A8A020100D6D5
(23.500000) vcan0 101#AD0100002823EB4C
(23.500000) vcan0 200#4B07EE029D01EBD5
(23.500000) vcan0 201#881300000000EB73
(23.500000) vcan0 400#611DE8290C2B5EC0
(23.500000) vcan0 500#CF008C00012A2F42
(23.550000) vcan0 100#8C0A8A020100D7D9
(23.600000) vcan0 100#980A8A020100D8C2
(23.600000) vcan0 101#B50100002823EC53
(23.600000) vcan0 200#5B07EE029D01ECC2
(23.600000) vcan0 201#881300000000EC74
(23.600000) vcan0 300#000003F000007686
(23.650000) vcan0 100#A40A8A020100D9FF
(23.700000) vcan0 100#AF0A8A020100DAF7
(23.700000) vcan0 101#BC0100002823ED5B
(23.700000) vcan0 200#6C07EE029E01EDF7
(23.700000) vcan0 201#881300000000ED75
(23.750000) vcan0 100#BB0A8A020100DBE2
(23.750000) vcan0 400#621DC62A0C2B5FEF
(23.800000) vcan0 100#C70A8A020100DC99
(23.800000) vcan0 101#C40100002823EE20
(23.800000) vcan0 200#7C07EE029F01EEE5
(23.800000) vcan0 201#881300000000EE76
(23.800000) vcan0 300#000003F000007787
(23.850000) vcan0 100#D30A8A020100DD8C
(23.900000) vcan0 100#DE0A8A020100DE82
(23.900000) vcan0 101#CB0100002823EF2E
(23.900000) vcan0 200#8C07EE029F01EF14
(23.900000) vcan0 201#881300000000EF77
(23.950000) vcan0 100#EA0A8A020100DFB7
(24.000000) vcan0 100#F60A8A020100E094
(24.000000) vcan0 101#D30100002823F029
(24.000000) vcan0 200#9C07EE02A001F024
(24.000000) vcan0 201#881300000000F068
(24.000000) vcan0 300#000003F000007888
(24.000000) vcan0 400#641DA52B0C2B60B4
(24.000000) vcan0 500#CF008C00012A305D
(24.000000) vcan0 600#F0000000000018EE
(24.050000) vcan0 100#010B8A020100E163
(24.100000) vcan0 100#0D0B8A020100E26C
(24.100000) vcan0 101#DB0100002823F120
(24.100000) vcan0 200#AD07EE02A001F114
(24.100000) vcan0 201#881300000000F169
(24.150000) vcan0 100#190B8A020100E379
(24.200000) vcan0 100#240B8A020100E443
(24.200000) vcan0 101#E30100002823F21B
(24.200000) vcan0 200#BD07EE02A101F206
(24.200000) vcan0 201#881300000000F26A
(24.200000) vcan0 300#000003F000007989
(24.250000) vcan0 100#300B8A020100E556
(24.250000) vcan0 400#651D842C0C2B6192
(24.300000) vcan0 100#3C0B8A020100E659
(24.300000) vcan0 101#EB0100002823F312
(24.300000) vcan0 200#CD07EE02A101F377
(24.300000) vcan0 201#881300000000F36B
(24.350000) vcan0 100#480B8A020100E72C
(24.400000) vcan0 100#530B8A020100E838
(24.400000) vcan0 101#F30100002823F40D
(24.400000) vcan0 200#DD07EE02A201F463
(24.400000) vcan0 201#881300000000F46C
(24.400000) vcan0 300#000003F000007A8A
(24.450000) vcan0 100#5F0B8A020100E935
(24.500000) vcan0 100#6B0B8A020100EA02
(24.500000) vcan0 101#FB0100002823F504
(24.500000) vcan0 200#EE07EE02A201F551
(24.500000) vcan0 201#881300000000F56D
(24.500000) vcan0 400#661D622D0C2B6275
(24.500000) vcan0 500#CF008C00012A315C
(24.550000) vcan0 100#760B8A020100EB1E
(24.600000) vcan0 100#820B8A020100ECED
(24.600000) vcan0 101#030200002823F6FC
(24.600000) vcan0 200#FE07EE02A301F643
(24.600000) vcan0 201#881300000000F66E
(24.600000) vcan0 300#000003F000007B8B
(24.650000) vcan0 100#8E0B8A020100EDE0
(24.700000) vcan0 100#990B8A020100EEF4
(24.700000) vcan0 101#0B0200002823F7F5
(24.700000) vcan0 200#0E08EE02A301F7BD
(24.700000) vcan0 201#881300000000F76F
(24.750000) vcan0 100#A50B8A020100EFC9
(24.750000) vcan0 400#671D412E0C2B6355
(24.800000) vcan0 100#B10B8A020100F0C2
(24.800000) vcan0 101#140200002823F8E5
(24.800000) vcan0 200#1E08EE02A401F8A5
(24.800000) vcan0 201#881300000000F860
(24.800000) vcan0 300#000003F000007C8C
(24.850000) vcan0 100#BD0B8A020100F1CF
(24.900000) vcan0 100#C80B8A020100F2B9
(24.900000) vcan0 101#1C0200002823F9EC
(24.900000) vcan0 200#2F08EE02A401F995
(24.900000) vcan0 201#881300000000F961
(24.950000) vcan0 100#D40B8A020100F3A4
(25.000000) vcan0 100#E00B8A020100F497
(25.000000) vcan0 101#240200002823FAD7
(25.000000) vcan0 200#3F08EE02A501FA87
(25.000000) vcan0 201#881300000000FA62
(25.000000) vcan0 300#000003F000007D8D
(25.000000) vcan0 400#681D212F0C2B643C
(25.000000) vcan0 500#CF008C00012A325F
(25.000000) vcan0 600#FA000000000019E5
(25.050000) vcan0 100#EB0B8A020100F59D
(25.100000) vcan0 100#F70B8A020100F682
(25.100000) vcan0 101#2D0200002823FBDF
(25.100000) vcan0 200#4F08EE02A501FBF6
(25.100000) vcan0 201#881300000000FB63
(25.150000) vcan0 100#030C8A020100F770
(25.200000) vcan0 100#0E0C8A020100F872
(25.200000) vcan0 101#350200002823FCC0
(25.200000) vcan0 200#5F08EE02A601FCE2
(25.200000) vcan0 201#881300000000FC64
(25.200000) vcan0 300#000003F000007E8E
(25.250000) vcan0 100#1A0C8A020100F967
(25.250000) vcan0 400#691D00300C2B6502
(25.300000) vcan0 100#260C8A020100FA58
(25.300000) vcan0 101#3E0200002823FDCA
(25.300000) vcan0 200#7008EE02A601FDCC
(25.300000) vcan0 201#881300000000FD65
(25.350000) vcan0 100#320C8A020100FB4D
(25.400000) vcan0 100#3D0C8A020100FC45
(25.400000) vcan0 101#470200002823FEB0
(25.400000) vcan0 200#8008EE02A701FE3E
(25.400000) vcan0 201#881300000000FE66
(25.400000) vcan0 300#000003F000007F8F
(25.450000) vcan0 100#490C8A020100FD30
(25.500000) vcan0 100#550C8A020100FE2F
(25.500000) vcan0 101#4F0200002823FFB9
(25.500000) vcan0 200#9008EE02A701FF2F
(25.500000) vcan0 201#881300000000FF67
(25.500000) vcan0 400#691DE0300C2B66E1
(25.500000) vcan0 500#CF008C00012A335E
(25.550000) vcan0 100#600C8A020100FF1B
(25.600000) vcan0 100#6C0C8A02010000E8
(25.600000) vcan0 101#5802000028230051
(25.600000) vcan0 200#A008EE02A80100EF
(25.600000) vcan0 201#8813000000000098
(25.600000) vcan0 300#000003F000008070
(25.650000) vcan0 100#780C8A02010001FD
(25.700000) vcan0 100#830C8A0201000205
(25.700000) vcan0 101#6102000028230169
(25.700000) vcan0 200#B108EE02A80101FF
(25.700000) vcan0 201#8813000000000199
(25.750000) vcan0 100#8F0C8A0201000308
(25.750000) vcan0 400#6A1DBF310C2B67BD
(25.800000) vcan0 100#9B0C8A020100041B
(25.800000) vcan0 101#6A02000028230261
(25.800000) vcan0 200#C108EE02A901028D
(25.800000) vcan0 201#881300000000029A
(25.800000) vcan0 300#000003F000008171
(25.850000) vcan0 100#A70C8A0201000526
(25.900000) vcan0 100#B20C8A0201000630
(25.900000) vcan0 101#7302000028230379
(25.900000) vcan0 200#D108EE02A901039C
(25.900000) vcan0 201#881300000000039B
(25.950000) vcan0 100#BE0C8A020100073D
(26.000000) vcan0 100#CA0C8A0201000846
(26.000000) vcan0 101#7C02000028230471
(26.000000) vcan0 200#E108EE02AA0104A8
(26.000000) vcan0 201#881300000000049C
(26.000000) vcan0 300#000003F000008272
(26.000000) vcan0 400#6A1D9F320C2B6891
(26.000000) vcan0 500#CF008C00012A3459
(26.000000) vcan0 600#0401000000001A19
(26.050000) vcan0 100#D50C8A0201000958
(26.100000) vcan0 100#E10C8A0201000A6F
(26.100000) vcan0 101#8502000028230589
(26.100000) vcan0 200#F208EE02AA0105BA
(26.100000) vcan0 201#881300000000059D
(26.150000) vcan0 100#ED0C8A0201000B62
(26.200000) vcan0 100#F80C8A0201000C70
(26.200000) vcan0 101#8E02000028230681
(26.200000) vcan0 200#0209EE02AB010649
(26.200000) vcan0 201#881300000000069E
(26.200000) vcan0 300#000003F000008373
(26.250000) vcan0 100#040D8A0201000D8C
(26.250000) vcan0 400#6A1D80330C2B698E
(26.300000) vcan0 100#100D8A0201000E9B
(26.300000) vcan0 101#9802000028230796
(26.300000) vcan0 200#1209EE02AB010758
(26.300000) vcan0 201#881300000000079F
(26.350000) vcan0 100#1C0D8A0201000F96
(26.400000) vcan0 100#270D8A02010010B2
(26.400000) vcan0 101#A1020000282308A0
(26.400000) vcan0 200#2209EE02AC010860
(26.400000) vcan0 201#8813000000000890
(26.400000) vcan0 300#000003F000008474
(26.450000) vcan0 100#330D8A02010011A7
(26.500000) vcan0 100#3F0D8A02010012A8
(26.500000) vcan0 101#AA020000282309AA
(26.500000) vcan0 200#3309EE02AC010970
(26.500000) vcan0 201#8813000000000991
(26.500000) vcan0 400#6A1D61340C2B6A6B
(26.500000) vcan0 500#CF008C00012A3558
(26.550000) vcan0 100#4A0D8A02010013DC
(26.600000) vcan0 100#560D8A02010014C7
(26.600000) vcan0 101#B402000028230AB7
(26.600000) vcan0 200#4309EE02AD010A02
(26.600000) vcan0 201#8813000000000A92
(26.600000) vcan0 300#000003F000008575
(26.650000) vcan0 100#620D8A02010015F2
(26.700000) vcan0 100#6D0D8A02010016FE
(26.700000) vcan0 101#BD02000028230BBF
(26.700000) vcan0 200#5309EE02AD010B13
(26.700000) vcan0 201#8813000000000B93
(26.750000) vcan0 100#790D8A02010017EB
(26.750000) vcan0 400#6A1D41350C2B6B4B
(26.800000) vcan0 100#850D8A0201001818
(26.800000) vcan0 101#C702000028230CC2
(26.800000) vcan0 200#6309EE02AE010C27
(26.800000) vcan0 201#8813000000000C94
(26.800000) vcan0 300#000003F000008676
(26.850000) vcan0 100#910D8A020100190D
(26.900000) vcan0 100#9C0D8A0201001A03
(26.900000) vcan0 101#D102000028230DD5
(26.900000) vcan0 200#7409EE02AE010D31
(26.900000) vcan0 201#8813000000000D95
(26.950000) vcan0 100#A80D8A0201001B36
(27.000000) vcan0 100#B40D8A0201001C2D
(27.000000) vcan0 101#DA02000028230EDD
(27.000000) vcan0 200#8409EE02AF010EC3
(27.000000) vcan0 201#8813000000000E96
(27.000000) vcan0 300#000003F000008777
(27.000000) vcan0 400#691D23360C2B6C2E
(27.000000) vcan0 500#CF008C00012A365B
(27.000000) vcan0 600#0E01000000001B12
(27.050000) vcan0 100#BF0D8A0201001D27
(27.100000) vcan0 100#CB0D8A0201001E50
(27.100000) vcan0 101#E402000028230FE2
(27.100000) vcan0 200#9409EE02AF010FD2
(27.100000) vcan0 201#8813000000000F97
(27.150000) vcan0 100#D70D8A0201001F4D
(27.200000) vcan0 100#E20D8A0201002047
(27.200000) vcan0 101#EE020000282310F7
(27.200000) vcan0 200#A409EE02B00110E2
(27.200000) vcan0 201#8813000000001088
(27.200000) vcan0 300#000003F000008878
(27.250000) vcan0 100#EE0D8A020100214A
(27.250000) vcan0 400#681D04370C2B6D08
(27.300000) vcan0 100#FA0D8A020100225D
(27.300000) vcan0 101#F8020000282311E0
(27.300000) vcan0 200#B509EE02B00111F2
(27.300000) vcan0 201#8813000000001189
(27.350000) vcan0 100#060E8A02010023A3
(27.400000) vcan0 100#110E8A02010024B3
(27.400000) vcan0 101#0203000028231218
(27.400000) vcan0 200#C509EE02B1011280
(27.400000) vcan0 201#881300000000128A
(27.400000) vcan0 300#000003F000008979
(27.450000) vcan0 100#1D0E8A02010025BE
(27.500000) vcan0 100#290E8A0201002689
(27.500000) vcan0 101#0C03000028231317
(27.500000) vcan0 200#D509EE02B1011391
(27.500000) vcan0 201#881300000000138B
(27.500000) vcan0 400#681DE6370C2B6EE9
(27.500000) vcan0 500#CF008C00012A375A
(27.550000) vcan0 100#340E8A0201002795
(27.600000) vcan0 100#400E8A02010028EE
(27.600000) vcan0 101#160300002823140A
(27.600000) vcan0 200#E509EE02B20114A5
(27.600000) vcan0 201#881300000000148C
(27.600000) vcan0 300#000003F000008A7A
(27.650000) vcan0 100#4C0E8A02010029E3
(27.700000) vcan0 100#570E8A0201002AFB
(27.700000) vcan0 101#200300002823153D
(27.700000) vcan0 200#F609EE02B20115B7
(27.700000) vcan0 201#881300000000158D
(27.750000) vcan0 100#630E8A0201002BCE
(27.750000) vcan0 400#671DC9380C2B6FC7
(27.800000) vcan0 100#6F0E8A0201002CC5
(27.800000) vcan0 101#2A03000028231634
(27.800000) vcan0 200#060AEE02B3011646
(27.800000) vcan0 201#881300000000168E
(27.800000) vcan0 300#000003F000008B7B
(27.850000) vcan0 100#7B0E8A0201002DD0
(27.900000) vcan0 100#860E8A0201002E2E
(27.900000) vcan0 101#350300002823172A
(27.900000) vcan0 200#160AEE02B3011757
(27.900000) vcan0 201#881300000000178F
(27.950000) vcan0 100#920E8A0201002F3B
(28.000000) vcan0 100#9E0E8A0201003028
(28.000000) vcan0 101#3F0300002823182F
(28.000000) vcan0 200#260AEE02B401186F
(28.000000) vcan0 201#8813000000001880
(28.000000) vcan0 300#000003F000008C7C
(28.000000) vcan0 400#661DAB390C2B70BA
(28.000000) vcan0 500#CF008C00012A3855
(28.000000) vcan0 600#1801000000001C03
(28.050000) vcan0 100#A90E8A020100311E
(28.100000) vcan0 100#B50E8A0201003201
(28.100000) vcan0 101#4903000028231958
(28.100000) vcan0 200#370AEE02B401197F
(28.100000) vcan0 201#8813000000001981
(28.150000) vcan0 100#C10E8A0201003374
(28.200000) vcan0 100#CC0E8A020100347E
(28.200000) vcan0 101#5403000028231A46
(28.200000) vcan0 200#470AEE02B4011A0C
(28.200000) vcan0 201#8813000000001A82
(28.200000) vcan0 300#000003F000008D7D
(28.250000) vcan0 100#D80E8A020100356B
(28.250000) vcan0 400#641D8E3A0C2B719F
(28.300000) vcan0 100#E40E8A0201003654
(28.300000) vcan0 101#5E03000028231B4D
(28.300000) vcan0 200#570AEE02B5011B1C
(28.300000) vcan0 201#8813000000001B83
(28.350000) vcan0 100#F00E8A0201003741
(28.400000) vcan0 100#FB0E8A0201003845
(28.400000) vcan0 101#6903000028231C7D
(28.400000) vcan0 200#670AEE02B5011C2B
(28.400000) vcan0 201#8813000000001C84
(28.400000) vcan0 300#000003F000008E7E
(28.450000) vcan0 100#070F8A02010039B9
(28.500000) vcan0 100#130F8A0201003AAE
(28.500000) vcan0 101#7403000028231D61
(28.500000) vcan0 200#780AEE02B6011D36
(28.500000) vcan0 201#8813000000001D85
(28.500000) vcan0 400#631D723B0C2B7266
(28.500000) vcan0 500#CF008C00012A3954
(28.550000) vcan0 100#1E0F8A0201003BA2
(28.600000) vcan0 100#2A0F8A0201003C91
(28.600000) vcan0 101#7E03000028231E68
(28.600000) vcan0 200#880AEE02B6011EC5
(28.600000) vcan0 201#8813000000001E86
(28.600000) vcan0 300#000003F000008F7F
(28.650000) vcan0 100#360F8A0201003D8C
(28.700000) vcan0 100#410F8A0201003EF8
(28.700000) vcan0 101#8903000028231F9E
(28.700000) vcan0 200#980AEE02B7011FD5
(28.700000) vcan0 201#8813000000001F87
(28.750000) vcan0 100#4D0F8A0201003FF5
(28.750000) vcan0 400#621D553C0C2B7346
(28.800000) vcan0 100#590F8A020100409E
(28.800000) vcan0 101#94030000282320BC
(28.800000) vcan0 200#A80AEE02B70120DA
(28.800000) vcan0 201#88130000000020B8
(28.800000) vcan0 300#000003F000009060
(28.850000) vcan0 100#650F8A02010041A3
(28.900000) vcan0 100#700F8A02010042B5
(28.900000) vcan0 101#9F030000282321B6
(28.900000) vcan0 200#B90AEE02B80121C5
(28.900000) vcan0 201#88130000000021B9
(28.950000) vcan0 100#7C0F8A02010043B8
(29.000000) vcan0 100#880F8A020100444B
(29.000000) vcan0 101#AA03000028232280
(29.000000) vcan0 200#C90AEE02B80122B6
(29.000000) vcan0 201#88130000000022BA
(29.000000) vcan0 300#000003F000009161
(29.000000) vcan0 400#601D393D0C2B742E
(29.000000) vcan0 500#CF008C00012A3A57
(29.000000) vcan0 600#2201000000001D38
(29.050000) vcan0 100#930F8A0201004551
(29.100000) vcan0 100#9F0F8A020100465E
(29.100000) vcan0 101#B50300002823239E
(29.100000) vcan0 200#D90AEE02B90123A6
(29.100000) vcan0 201#88130000000023BB
(29.150000) vcan0 100#AB0F8A020100476B
(29.200000) vcan0 100#B60F8A0201004879
(29.200000) vcan0 101#C0030000282324EC
(29.200000) vcan0 200#E90AEE02B9012491
(29.200000) vcan0 201#88130000000024BC
(29.200000) vcan0 300#000003F000009262
(29.250000) vcan0 100#C20F8A020100490C
(29.250000) vcan0 400#5E1D1D3E0C2B7536
(29.300000) vcan0 100#CE0F8A0201004A03
(29.300000) vcan0 101#CC030000282325E1
(29.300000) vcan0 200#FA0AEE02BA012580
(29.300000) vcan0 201#88130000000025BD
(29.350000) vcan0 100#DA0F8A0201004B16
(29.400000) vcan0 100#E50F8A0201004C2E
(29.400000) vcan0 101#D7030000282326F9
(29.400000) vcan0 200#0A0BEE02BA012672
(29.400000) vcan0 201#88130000000026BE
(29.400000) vcan0 300#000003F000009363
(29.450000) vcan0 100#F10F8A0201004D3B
(29.500000) vcan0 100#FD0F8A0201004E34
(29.500000) vcan0 101#E2030000282327CD
(29.500000) vcan0 200#1A0BEE02BB012762
(29.500000) vcan0 201#88130000000027BF
(29.500000) vcan0 400#5C1D023F0C2B7629
(29.500000) vcan0 500#CF008C00012A3B56
(29.550000) vcan0 100#08108A0201004FDF
(29.600000) vcan0 100#14108A02010050DC
(29.600000) vcan0 101#EE030000282328CE
(29.600000) vcan0 200#2A0BEE02BB01285D
(29.600000) vcan0 201#88130000000028B0
(29.600000) vcan0 300#000003F000009464
(29.650000) vcan0 100#20108A02010051E9
(29.700000) vcan0 100#2B108A02010052E1
(29.700000) vcan0 101#F9030000282329D8
(29.700000) vcan0 200#3B0BEE02BC01294A
(29.700000) vcan0 201#88130000000029B1
(29.750000) vcan0 100#37108A02010053FC
(29.750000) vcan0 400#5A1DE73F0C2B77CB
(29.800000) vcan0 100#43108A020100548F
(29.800000) vcan0 101#0504000028232A20
(29.800000) vcan0 200#4B0BEE02BC012A39
(29.800000) vcan0 201#8813000000002AB2
(29.800000) vcan0 300#000003F000009565
(29.850000) vcan0 100#4F108A0201005582
(29.900000) vcan0 100#5A108A0201005694
(29.900000) vcan0 101#1004000028232B34
(29.900000) vcan0 200#5B0BEE02BD012B29
(29.900000) vcan0 201#8813000000002BB3
(29.950000) vcan0 100#66108A02010057A9
(30.000000) vcan0 100#72108A02010058B2
(30.000000) vcan0 101#1C04000028232C3F
(30.000000) vcan0 200#6B0BEE02BD012C1E
(30.000000) vcan0 201#8813000000002CB4
(30.000000) vcan0 300#000003F000009666
(30.000000) vcan0 400#581DCC400C2B7892
(30.000000) vcan0 500#CF008C00012A3C51
(30.000000) vcan0 600#2C01000000001E35
(30.050000) vcan0 100#7D108A02010059BC
(30.100000) vcan0 100#89108A0201005A4B
(30.100000) vcan0 101#2804000028232D0A
(30.100000) vcan0 200#7C0BEE02BE012D0B
(30.100000) vcan0 201#8813000000002DB5
(30.150000) vcan0 100#95108A0201005B56
(30.200000) vcan0 100#A0108A0201005C64
(30.200000) vcan0 101#3304000028232E12
(30.200000) vcan0 200#8C0BEE02BE012EF8
(30.200000) vcan0 201#8813000000002EB6
(30.200000) vcan0 300#000003F000009767
(30.250000) vcan0 100#AC108A0201005D69
(30.250000) vcan0 400#561DB2410C2B79E2
(30.300000) vcan0 100#B8108A0201005E7E
(30.300000) vcan0 101#3F04000028232F1F
(30.300000) vcan0 200#9C0BEE02BF012FE8
(30.300000) vcan0 201#8813000000002FB7
(30.350000) vcan0 100#C4108A0201005F03
(30.400000) vcan0 100#CF108A0201006037
(30.400000) vcan0 101#4B04000028233074
(30.400000) vcan0 200#AC0BEE02BF0130C7
(30.400000) vcan0 201#88130000000030A8
(30.400000) vcan0 300#000003F000009868
(30.450000) vcan0 100#DB108A0201006122
(30.500000) vcan0 100#E7108A020100621D
(30.500000) vcan0 101#5704000028233169
(30.500000) vcan0 200#BD0BEE02C00131A8
(30.500000) vcan0 201#88130000000031A9
(30.500000) vcan0 400#541D98420C2B7ACA
(30.500000) vcan0 500#CF008C00012A3D50
(30.550000) vcan0 100#F2108A0201006309
(30.600000) vcan0 100#FE108A0201006402
(30.600000) vcan0 101#630400002823325E
(30.600000) vcan0 200#CD0BEE02C00132DB
(30.600000) vcan0 201#88130000000032AA
(30.600000) vcan0 300#000003F000009969
(30.650000) vcan0 100#0A118A02010065F6
(30.700000) vcan0 100#15118A02010066EA
(30.700000) vcan0 101#6F04000028233353
(30.700000) vcan0 200#DD0BEE02C10133CB
(30.700000) vcan0 201#88130000000033AB
(30.750000) vcan0 100#21118A02010067DF
(30.750000) vcan0 400#521D7E430C2B7B2A
(30.800000) vcan0 100#2D118A02010068DC
(30.800000) vcan0 101#7B04000028233440
(30.800000) vcan0 200#ED0BEE02C10134FC
(30.800000) vcan0 201#88130000000034AC
(30.800000) vcan0 300#000003F000009A6A
(30.850000) vcan0 100#39118A02010069C9
(30.900000) vcan0 100#44118A0201006AB7
(30.900000) vcan0 101#88040000282335B2
(30.900000) vcan0 200#FE0BEE02C10135EE
(30.900000) vcan0 201#88130000000035AD
(30.950000) vcan0 100#50118A0201006BA2
(31.000000) vcan0 100#5C118A0201006CA9
(31.000000) vcan0 101#94040000282336AD
(31.000000) vcan0 200#0E0CEE02C2013619
(31.000000) vcan0 201#88130000000036AE
(31.000000) vcan0 300#000003F000009B6B
(31.000000) vcan0 400#501D64440C2B7C32
(31.000000) vcan0 500#CE008C00012A3E52
(31.000000) vcan0 600#3601000000001F2E
(31.050000) vcan0 100#67118A0201006D93
(31.100000) vcan0 100#73118A0201006E84
(31.100000) vcan0 101#A004000028233798
(31.100000) vcan0 200#1E0CEE02C2013708
(31.100000) vcan0 201#88130000000037AF
(31.150000) vcan0 100#7F118A0201006F89
(31.200000) vcan0 100#8A118A0201007063
(31.200000) vcan0 101#AD0400002823389A
(31.200000) vcan0 200#2E0CEE02C3013836
(31.200000) vcan0 201#88130000000038A0
(31.200000) vcan0 300#000003F000009C6C
(31.250000) vcan0 100#96118A020100717E
(31.250000) vcan0 400#4D1D4A450C2B7D01
(31.300000) vcan0 100#A2118A0201007249
(31.300000) vcan0 101#B90400002823398F
(31.300000) vcan0 200#3F0CEE02C3013926
(31.300000) vcan0 201#88130000000039A1
(31.350000) vcan0 100#AE118A0201007344
(31.400000) vcan0 100#B9118A0201007454
(31.400000) vcan0 101#C604000028233AF3
(31.400000) vcan0 200#4F0CEE02C4013A52
(31.400000) vcan0 201#8813000000003AA2
(31.400000) vcan0 300#000003F000009D6D
(31.450000) vcan0 100#C5118A0201007529
(31.500000) vcan0 100#D1118A020100763E
(31.500000) vcan0 101#D304000028233BE7
(31.500000) vcan0 200#5F0CEE02C4013B43
(31.500000) vcan0 201#8813000000003BA3
(31.500000) vcan0 400#4B1D31460C2B7E7C
(31.500000) vcan0 500#CE008C00012A3F53
(31.550000) vcan0 100#DC118A0201007732
(31.600000) vcan0 100#E8118A0201007809
(31.600000) vcan0 101#DF04000028233CEC
(31.600000) vcan0 200#6F0CEE02C5013C75
(31.600000) vcan0 201#8813000000003CA4
(31.600000) vcan0 300#000003F000009E6E
(31.650000) vcan0 100#F4118A0201007914
(31.700000) vcan0 100#FF118A0201007A1C
(31.700000) vcan0 101#EC04000028233DDE
(31.700000) vcan0 200#800CEE02C5013D9B
(31.700000) vcan0 201#8813000000003DA5
(31.750000) vcan0 100#0B128A0201007BEA
(31.750000) vcan0 400#491D17470C2B7F58
(31.800000) vcan0 100#17128A0201007CF1
(31.800000) vcan0 101#F904000028233EC8
(31.800000) vcan0 200#900CEE02C6013E8B
(31.800000) vcan0 201#8813000000003EA6
(31.800000) vcan0 300#000003F000009F6F
(31.850000) vcan0 100#23128A0201007DC4
(31.900000) vcan0 100#2E128A0201007ECA
(31.900000) vcan0 101#0605000028233F37
(31.900000) vcan0 200#A00CEE02C6013FBA
(31.900000) vcan0 201#8813000000003FA7
(31.950000) vcan0 100#3A128A0201007FDF
(32.000000) vcan0 100#46128A020100805C
(32.000000) vcan0 101#130500002823405D
(32.000000) vcan0 200#B00CEE02C70140D4
(32.000000) vcan0 201#88130000000040D8
(32.000000) vcan0 300#000003F00000A050
(32.000000) vcan0 400#471DFE470C2B8040
(32.000000) vcan0 500#CE008C00012A402C
(32.000000) vcan0 600#4001000000002067
(32.050000) vcan0 100#51128A020100814A
(32.100000) vcan0 100#5D128A0201008245
(32.100000) vcan0 101#200500002823416F
(32.100000) vcan0 200#C10CEE02C70141A4
(32.100000) vcan0 201#88130000000041D9
(32.150000) vcan0 100#69128A0201008370
(32.200000) vcan0 100#74128A020100846A
(32.200000) vcan0 101#2D05000028234261
(32.200000) vcan0 200#D10CEE02C80142B8
(32.200000) vcan0 201#88130000000042DA
(32.200000) vcan0 300#000003F00000A151
(32.250000) vcan0 100#80128A020100859F
(32.250000) vcan0 400#451DE5480C2B8157
(32.300000) vcan0 100#8C128A0201008690
(32.300000) vcan0 101#3A05000028234377
(32.300000) vcan0 200#E10CEE02C8014389
(32.300000) vcan0 201#88130000000043DB
(32.350000) vcan0 100#98128A0201008785
(32.400000) vcan0 100#A3128A02010088B1
(32.400000) vcan0 101#470500002823440D
(32.400000) vcan0 200#F10CEE02C801449E
(32.400000) vcan0 201#88130000000044DC
(32.400000) vcan0 300#000003F00000A252
(32.450000) vcan0 100#AF128A02010089BC
(32.500000) vcan0 100#BB128A0201008AAB
(32.500000) vcan0 101#540500002823451F
(32.500000) vcan0 200#020DEE02C901456C
(32.500000) vcan0 201#88130000000045DD
(32.500000) vcan0 400#421DCC490C2B827B
(32.500000) vcan0 500#CE008C00012A412D
(32.550000) vcan0 100#C6128A0201008BD7
(32.600000) vcan0 100#D2128A0201008CC4
(32.600000) vcan0 101#620500002823462A
(32.600000) vcan0 200#120DEE02C901467F
(32.600000) vcan0 201#88130000000046DE
(32.600000) vcan0 300#000003F00000A353
(32.650000) vcan0 100#DE128A0201008DC9
(32.700000) vcan0 100#E9128A0201008EFD
(32.700000) vcan0 101#6F05000028234726
(32.700000) vcan0 200#220DEE02CA01474D
(32.700000) vcan0 201#88130000000047DF
(32.750000) vcan0 100#F5128A0201008FE0
(32.750000) vcan0 400#401DB34A0C2B8304
(32.800000) vcan0 100#01138A020100900A
(32.800000) vcan0 101#7D0500002823483B
(32.800000) vcan0 200#320DEE02CA014852
(32.800000) vcan0 201#88130000000048D0
(32.800000) vcan0 300#000003F00000A454
(32.850000) vcan0 100#0D138A0201009107
(32.900000) vcan0 100#18138A0201009211
(32.900000) vcan0 101#8A050000282349CD
(32.900000) vcan0 200#430DEE02CB014923
(32.900000) vcan0 201#88130000000049D1
(32.950000) vcan0 100#24138A020100932C
(33.000000) vcan0 100#30138A020100943F
(33.000000) vcan0 101#9805000028234ADC
(33.000000) vcan0 200#530DEE02CB014A30
(33.000000) vcan0 201#8813000000004AD2
(33.000000) vcan0 300#000003F00000A555
(33.000000) vcan0 400#3E1D9A4B0C2B8455
(33.000000) vcan0 500#CE008C00012A422E
(33.000000) vcan0 600#4A0100000000216C
(33.050000) vcan0 100#3B138A0201009535
(33.100000) vcan0 100#47138A020100964A
(33.100000) vcan0 101#A605000028234BE3
(33.100000) vcan0 200#630DEE02CC014B06
(33.100000) vcan0 201#8813000000004BD3
(33.150000) vcan0 100#53138A020100975F
(33.200000) vcan0 100#5E138A020100985D
(33.200000) vcan0 101#B305000028234CF1
(33.200000) vcan0 200#730DEE02CC014C11
(33.200000) vcan0 201#8813000000004CD4
(33.200000) vcan0 300#000003F00000A656
(33.250000) vcan0 100#6A138A0201009968
(33.250000) vcan0 400#3C1D804C0C2B854B
(33.300000) vcan0 100#76138A0201009A77
(33.300000) vcan0 101#C105000028234D82
(33.300000) vcan0 200#840DEE02CD014DE6
(33.300000) vcan0 201#8813000000004DD5
(33.350000) vcan0 100#82138A0201009B82
(33.400000) vcan0 100#8D138A0201009C8A
(33.400000) vcan0 101#CF05000028234E8F
(33.400000) vcan0 200#940DEE02CD014EF5
(33.400000) vcan0 201#8813000000004ED6
(33.400000) vcan0 300#000003F00000A757
(33.450000) vcan0 100#99138A0201009D9F
(33.500000) vcan0 100#A5138A0201009EA0
(33.500000) vcan0 101#DD05000028234F9C
(33.500000) vcan0 200#A40DEE02CE014FC7
(33.500000) vcan0 201#8813000000004FD7
(33.500000) vcan0 400#3A1D674D0C2B86A8
(33.500000) vcan0 500#CE008C00012A432F
(33.550000) vcan0 100#B0138A0201009FB4
(33.600000) vcan0 100#BC138A020100A087
(33.600000) vcan0 101#EB050000282350B5
(33.600000) vcan0 200#B40DEE02CE0150C8
(33.600000) vcan0 201#88130000000050C8
(33.600000) vcan0 300#000003F00000A858
(33.650000) vcan0 100#C8138A020100A1F2
(33.700000) vcan0 100#D3138A020100A2EA
(33.700000) vcan0 101#F9050000282351A6
(33.700000) vcan0 200#C50DEE02CE0151B8
(33.700000) vcan0 201#88130000000051C9
(33.750000) vcan0 100#DF138A020100A3E7
(33.750000) vcan0 400#391D4E4E0C2B8780
(33.800000) vcan0 100#EB138A020100A4D4
(33.800000) vcan0 101#0706000028235258
(33.800000) vcan0 200#D50DEE02CF0152AA
(33.800000) vcan0 201#88130000000052CA
(33.800000) vcan0 300#000003F00000A959
(33.850000) vcan0 100#F7138A020100A5C9
(33.900000) vcan0 100#02148A020100A638
(33.900000) vcan0 101#150600002823534B
(33.900000) vcan0 200#E50DEE02CF01539B
(33.900000) vcan0 201#88130000000053CB
(33.950000) vcan0 100#0E148A020100A735
(34.000000) vcan0 100#1A148A020100A82E
(34.000000) vcan0 101#240600002823547D
(34.000000) vcan0 200#F50DEE02D0015493
(34.000000) vcan0 201#88130000000054CC
(34.000000) vcan0 300#000003F00000AA5A
(34.000000) vcan0 400#371D344F0C2B88FA
(34.000000) vcan0 500#CE008C00012A4428
(34.000000) vcan0 600#5401000000002271
(34.050000) vcan0 100#25148A020100A910
(34.100000) vcan0 100#31148A020100AA07
(34.100000) vcan0 101#320600002823556A
(34.100000) vcan0 200#060EEE02D0015562
(34.100000) vcan0 201#88130000000055CD
(34.150000) vcan0 100#3D148A020100AB0A
(34.200000) vcan0 100#48148A020100AC78
(34.200000) vcan0 101#400600002823561B
(34.200000) vcan0 200#160EEE02D1015670
(34.200000) vcan0 201#88130000000056CE
(34.200000) vcan0 300#000003F00000AB5B
(34.250000) vcan0 100#54148A020100AD65
(34.250000) vcan0 400#351D1A500C2B89C8
(34.300000) vcan0 100#60148A020100AE52
(34.300000) vcan0 101#4F06000028235715
(34.300000) vcan0 200#260EEE02D1015741
(34.300000) vcan0 201#88130000000057CF
(34.350000) vcan0 100#6C148A020100AF5F
(34.400000) vcan0 100#77148A020100B05B
(34.400000) vcan0 101#5D06000028235808
(34.400000) vcan0 200#360EEE02D201585D
(34.400000) vcan0 201#88130000000058C0
(34.400000) vcan0 300#000003F00000AC5C
(34.450000) vcan0 100#83148A020100B1AE
(34.500000) vcan0 100#8F148A020100B2A1
(34.500000) vcan0 101#6C06000028235938
(34.500000) vcan0 200#470EEE02D201592D
(34.500000) vcan0 201#88130000000059C1
(34.500000) vcan0 400#341D00510C2B8AD1
(34.500000) vcan0 500#CE008C00012A4529
(34.550000) vcan0 100#9A148A020100B3B5
(34.600000) vcan0 100#A6148A020100B48E
(34.600000) vcan0 101#7B06000028235A2C
(34.600000) vcan0 200#570EEE02D3015A3F
(34.600000) vcan0 201#8813000000005AC2
(34.600000) vcan0 300#000003F00000AD5D
(34.650000) vcan0 100#B2148A020100B59B
(34.700000) vcan0 100#BD148A020100B697
(34.700000) vcan0 101#8906000028235BDF
(34.700000) vcan0 200#670EEE02D3015B0E
(34.700000) vcan0 201#8813000000005BC3
(34.750000) vcan0 100#C9148A020100B7E2
(34.750000) vcan0 400#331DE6510C2B8B31
(34.800000) vcan0 100#D5148A020100B8F1
(34.800000) vcan0 101#9806000028235CC9
(34.800000) vcan0 200#770EEE02D3015C19
(34.800000) vcan0 201#8813000000005CC4
(34.800000) vcan0 300#000003F00000AE5E
(34.850000) vcan0 100#E1148A020100B9C4
(34.900000) vcan0 100#EC148A020100BACA
(34.900000) vcan0 101#A706000028235DF7
(34.900000) vcan0 200#880EEE02D4015DE0
(34.900000) vcan0 201#8813000000005DC5
(34.950000) vcan0 100#F8148A020100BBDF
(35.000000) vcan0 100#04158A020100BC25
(35.000000) vcan0 101#B606000028235EE5
(35.000000) vcan0 200#980EEE02D4015EF3
(35.000000) vcan0 201#8813000000005EC6
(35.000000) vcan0 300#000003F00000AF5F
(35.000000) vcan0 400#321DCB520C2B8C19
(35.000000) vcan0 500#CE008C00012A462A
(35.000000) vcan0 600#5E0100000000237A
(35.050000) vcan0 100#0F158A020100BD2F
(35.100000) vcan0 100#1B158A020100BE38
(35.100000) vcan0 101#C506000028235F97
(35.100000) vcan0 200#A80EEE02D5015FC3
(35.100000) vcan0 201#8813000000005FC7
(35.150000) vcan0 100#27158A020100BF05
(35.200000) vcan0 100#32158A020100C06F
(35.200000) vcan0 101#D4060000282360B9
(35.200000) vcan0 200#B80EEE02D50160EC
(35.200000) vcan0 201#88130000000060F8
(35.200000) vcan0 300#000003F00000B040
(35.250000) vcan0 100#3E158A020100C162
(35.250000) vcan0 400#311DB0530C2B8D61
(35.300000) vcan0 100#4A158A020100C215
(35.300000) vcan0 101#E30600002823618F
(35.300000) vcan0 200#C90EEE02D601619F
(35.300000) vcan0 201#88130000000061F9
(35.350000) vcan0 100#56158A020100C308
(35.400000) vcan0 100#61158A020100C438
(35.400000) vcan0 101#F20600002823629D
(35.400000) vcan0 200#D90EEE02D601628C
(35.400000) vcan0 201#88130000000062FA
(35.400000) vcan0 300#000003F00000B141
(35.450000) vcan0 100#6D158A020100C535
(35.500000) vcan0 100#79158A020100C622
(35.500000) vcan0 101#010700002823636E
(35.500000) vcan0 200#E90EEE02D70163BC
(35.500000) vcan0 201#88130000000063FB
(35.500000) vcan0 400#301D94540C2B8E40
(35.500000) vcan0 500#CE008C00012A472B
(35.550000) vcan0 100#84158A020100C7DE
(35.600000) vcan0 100#90158A020100C8C5
(35.600000) vcan0 101#1107000028236479
(35.600000) vcan0 200#F90EEE02D70164AB
(35.600000) vcan0 201#88130000000064FC
(35.600000) vcan0 300#000003F00000B242
(35.650000) vcan0 100#9C158A020100C9C8
(35.700000) vcan0 100#A7158A020100CAF0
(35.700000) vcan0 101#2007000028236549
(35.700000) vcan0 200#0A0FEE02D8016557
(35.700000) vcan0 201#88130000000065FD
(35.750000) vcan0 100#B3158A020100CBE5
(35.750000) vcan0 400#2F1D78550C2B8FB3
(35.800000) vcan0 100#BF158A020100CCEE
(35.800000) vcan0 101#2F07000028236645
(35.800000) vcan0 200#1A0FEE02D8016644
(35.800000) vcan0 201#88130000000066FE
(35.800000) vcan0 300#000003F00000B343
(35.850000) vcan0 100#CB158A020100CD9B
(35.900000) vcan0 100#D6158A020100CE85
(35.900000) vcan0 101#3F07000028236754
(35.900000) vcan0 200#2A0FEE02D8016775
(35.900000) vcan0 201#88130000000067FF
(35.950000) vcan0 100#E2158A020100CFB0
(36.000000) vcan0 100#EE158A020100D0A3
(36.000000) vcan0 101#4E0700002823682A
(36.000000) vcan0 200#3A0FEE02D901686B
(36.000000) vcan0 201#88130000000068F0
(36.000000) vcan0 300#000003F00000B444
(36.000000) vcan0 400#2F1D5C560C2B908B
(36.000000) vcan0 500#CE008C00012A4824
(36.000000) vcan0 600#680100000000244B
(36.050000) vcan0 100#F9158A020100D1B5
(36.100000) vcan0 100#05168A020100D249
(36.100000) vcan0 101#5E0700002823693B
(36.100000) vcan0 200#4B0FEE02D901691B
(36.100000) vcan0 201#88130000000069F1
(36.150000) vcan0 100#11168A020100D35C
(36.200000) vcan0 100#1C168A020100D456
(36.200000) vcan0 101#6E07000028236A08
(36.200000) vcan0 200#5B0FEE02DA016A0B
(36.200000) vcan0 201#8813000000006AF2
(36.200000) vcan0 300#000003F00000B545
(36.250000) vcan0 100#28168A020100D563
(36.250000) vcan0 400#2E1D3F570C2B91E9
(36.300000) vcan0 100#34168A020100D67C
(36.300000) vcan0 101#7E07000028236B19
(36.300000) vcan0 200#6B0FEE02DA016B3A
(36.300000) vcan0 201#8813000000006BF3
(36.350000) vcan0 100#40168A020100D709
(36.400000) vcan0 100#4B168A020100D80D
(36.400000) vcan0 101#8D07000028236CED
(36.400000) vcan0 200#7B0FEE02DB016C2C
(36.400000) vcan0 201#8813000000006CF4
(36.400000) vcan0 300#000003F00000B646
(36.450000) vcan0 100#57168A020100D910
(36.500000) vcan0 100#63168A020100DA27
(36.500000) vcan0 101#9D07000028236DFC
(36.500000) vcan0 200#8C0FEE02DB016DDA
(36.500000) vcan0 201#8813000000006DF5
(36.500000) vcan0 400#2E1D22580C2B92F8
(36.500000) vcan0 500#CE008C00012A4925
(36.550000) vcan0 100#6E168A020100DB2B
(36.600000) vcan0 100#7A168A020100DC38
(36.600000) vcan0 101#AD07000028236ECF
(36.600000) vcan0 200#9C0FEE02DC016ECE
(36.600000) vcan0 201#8813000000006EF6
(36.600000) vcan0 300#000003F00000B747
(36.650000) vcan0 100#86168A020100DDC5
(36.700000) vcan0 100#91168A020100DED1
(36.700000) vcan0 101#BD07000028236FDE
(36.700000) vcan0 200#AC0FEE02DC016FFF
(36.700000) vcan0 201#8813000000006FF7
(36.750000) vcan0 100#9D168A020100DFDC
(36.750000) vcan0 400#2E1D05590C2B93DF
(36.800000) vcan0 100#A9168A020100E0D7
(36.800000) vcan0 101#CD070000282370B1
(36.800000) vcan0 200#BC0FEE02DC0170F0
(36.800000) vcan0 201#88130000000070E8
(36.800000) vcan0 300#000003F00000B848
(36.850000) vcan0 100#B5168A020100E1CA
(36.900000) vcan0 100#C0168A020100E2BC
(36.900000) vcan0 101#DD070000282371A0
(36.900000) vcan0 200#CD0FEE02DD017181
(36.900000) vcan0 201#88130000000071E9
(36.950000) vcan0 100#CC168A020100E3B1
(37.000000) vcan0 100#D8168A020100E4A2
(37.000000) vcan0 101#EE07000028237290
(37.000000) vcan0 200#DD0FEE02DD017292
(37.000000) vcan0 201#88130000000072EA
(37.000000) vcan0 300#000003F00000B949
(37.000000) vcan0 400#2E1DE6590C2B943B
(37.000000) vcan0 500#CE008C00012A4A26
(37.000000) vcan0 600#7201000000002550
(37.050000) vcan0 100#E3168A020100E598
(37.100000) vcan0 100#EF168A020100E697
(37.100000) vcan0 101#FE07000028237381
(37.100000) vcan0 200#ED0FEE02DE0173A0
(37.100000) vcan0 201#88130000000073EB
(37.150000) vcan0 100#FB168A020100E782
(37.200000) vcan0 100#06178A020100E871
(37.200000) vcan0 101#0E08000028237479
(37.200000) vcan0 200#FD0FEE02DE0174B7
(37.200000) vcan0 201#88130000000074EC
(37.200000) vcan0 300#000003F00000BA4A
(37.250000) vcan0 100#12178A020100E964
(37.250000) vcan0 400#2E1DC85A0C2B9517
(37.300000) vcan0 100#1E178A020100EA6B
(37.300000) vcan0 101#1F08000028237569
(37.300000) vcan0 200#0E10EE02DF01755B
(37.300000) vcan0 201#88130000000075ED
(37.350000) vcan0 100#2A178A020100EB5E
(37.400000) vcan0 100#35178A020100EC46
(37.400000) vcan0 101#2F0800002823765A
(37.400000) vcan0 200#1E10EE02DF017648
(37.400000) vcan0 201#88130000000076EE
(37.400000) vcan0 300#000003F00000BB4B
(37.450000) vcan0 100#41178A020100ED33
(37.500000) vcan0 100#4D178A020100EE3C
(37.500000) vcan0 101#4008000028237734
(37.500000) vcan0 200#2E10EE02E0017746
(37.500000) vcan0 201#88130000000077EF
(37.500000) vcan0 400#2F1DA85B0C2B9674
(37.500000) vcan0 500#CE008C00012A4B27
(37.550000) vcan0 100#58178A020100EF28
(37.600000) vcan0 100#64178A020100F00B
(37.600000) vcan0 101#500800002823782B
(37.600000) vcan0 200#3E10EE02E0017859
(37.600000) vcan0 201#88130000000078E0
(37.600000) vcan0 300#000003F00000BC4C
(37.650000) vcan0 100#70178A020100F11E
(37.700000) vcan0 100#7B178A020100F216
(37.700000) vcan0 101#610800002823791B
(37.700000) vcan0 200#4F10EE02E0017929
(37.700000) vcan0 201#88130000000079E1
(37.750000) vcan0 100#87178A020100F3EB
(37.750000) vcan0 400#301D885C0C2B974D
(37.800000) vcan0 100#93178A020100F4F8
(37.800000) vcan0 101#7208000028237A0B
(37.800000) vcan0 200#5F10EE02E1017A3B
(37.800000) vcan0 201#8813000000007AE2
(37.800000) vcan0 300#000003F00000BD4D
(37.850000) vcan0 100#9F178A020100F5F5
(37.900000) vcan0 100#AA178A020100F6C3
(37.900000) vcan0 101#8208000028237BFA
(37.900000) vcan0 200#6F10EE02E1017B0A
(37.900000) vcan0 201#8813000000007BE3
(37.950000) vcan0 100#B6178A020100F7DE
(38.000000) vcan0 100#C2178A020100F8A5
(38.000000) vcan0 101#9308000028237CEC
(38.000000) vcan0 200#7F10EE02E2017C1E
(38.000000) vcan0 201#8813000000007CE4
(38.000000) vcan0 300#000003F00000BE4E
(38.000000) vcan0 400#301D685D0C2B98A3
(38.000000) vcan0 500#CE008C00012A4C20
(38.000000) vcan0 600#7C0100000000265D
(38.050000) vcan0 100#CD178A020100F9AB
(38.100000) vcan0 100#D9178A020100FABC
(38.100000) vcan0 101#A408000028237DDA
(38.100000) vcan0 200#9010EE02E2017DF0
(38.100000) vcan0 201#8813000000007DE5
(38.150000) vcan0 100#E5178A020100FB81
(38.200000) vcan0 100#F0178A020100FC93
(38.200000) vcan0 101#B508000028237EC8
(38.200000) vcan0 200#A010EE02E3017EC2
(38.200000) vcan0 201#8813000000007EE6
(38.200000) vcan0 300#000003F00000BF4F
(38.250000) vcan0 100#FC178A020100FD9E
(38.250000) vcan0 400#311D475E0C2B998F
(38.300000) vcan0 100#08188A020100FE66
(38.300000) vcan0 101#C608000028237FBA
(38.300000) vcan0 200#B010EE02E3017FD3
(38.300000) vcan0 201#8813000000007FE7
(38.350000) vcan0 100#14188A020100FF7B
(38.400000) vcan0 100#1F188A020100008F
(38.400000) vcan0 101#D708000028238054
(38.400000) vcan0 200#C010EE02E301805C
(38.400000) vcan0 201#8813000000008018
(38.400000) vcan0 300#000003F00000C030
(38.450000) vcan0 100#2B188A02010001BA
(38.500000) vcan0 100#37188A02010002A5
(38.500000) vcan0 101#E90800002823816B
(38.500000) vcan0 200#D110EE02E401814B
(38.500000) vcan0 201#8813000000008119
(38.500000) vcan0 400#321D265F0C2B9AEF
(38.500000) vcan0 500#CE008C00012A4D21
(38.550000) vcan0 100#42188A02010003D1
(38.600000) vcan0 100#4E188A02010004DA
(38.600000) vcan0 101#FA0800002823827B
(38.600000) vcan0 200#E110EE02E4018278
(38.600000) vcan0 201#881300000000821A
(38.600000) vcan0 300#000003F00000C131
(38.650000) vcan0 100#5A188A02010005CF
(38.700000) vcan0 100#65188A02010006F3
(38.700000) vcan0 101#0B0900002823838A
(38.700000) vcan0 200#F110EE02E5018368
(38.700000) vcan0 201#881300000000831B
(38.750000) vcan0 100#71188A02010007E6
(38.750000) vcan0 400#341D04600C2B9BF5
(38.800000) vcan0 100#7D188A02010008E5
(38.800000) vcan0 101#1D0900002823849B
(38.800000) vcan0 200#0111EE02E501849E
(38.800000) vcan0 201#881300000000841C
(38.800000) vcan0 300#000003F00000C232
(38.850000) vcan0 100#89188A0201000910
(38.900000) vcan0 100#94188A0201000A0E
(38.900000) vcan0 101#2E090000282385A9
(38.900000) vcan0 200#1211EE02E601858F
(38.900000) vcan0 201#881300000000851D
(38.950000) vcan0 100#A0188A0201000B3B
(39.000000) vcan0 100#AC188A0201000C30
(39.000000) vcan0 101#3F090000282386BB
(39.000000) vcan0 200#2211EE02E60186BC
(39.000000) vcan0 201#881300000000861E
(39.000000) vcan0 300#000003F00000C333
(39.000000) vcan0 400#351DE1600C2B9C16
(39.000000) vcan0 500#CE008C00012A4E22
(39.000000) vcan0 600#86010000000027A6
(39.050000) vcan0 100#B7188A0201000D2A
(39.100000) vcan0 100#C3188A0201000E5D
(39.100000) vcan0 101#51090000282387D4
(39.100000) vcan0 200#3211EE02E70187AC
(39.100000) vcan0 201#881300000000871F
(39.150000) vcan0 100#CF188A0201000F50
(39.200000) vcan0 100#DA188A020100105A
(39.200000) vcan0 101#63090000282388E9
(39.200000) vcan0 200#4211EE02E70188D3
(39.200000) vcan0 201#8813000000008810
(39.200000) vcan0 300#000003F00000C434
(39.250000) vcan0 100#E6188A0201001167
(39.250000) vcan0 400#371DBE610C2B9D4B
(39.300000) vcan0 100#F2188A0201001270
(39.300000) vcan0 101#74090000282389FF
(39.300000) vcan0 200#5311EE02E70189C3
(39.300000) vcan0 201#8813000000008911
(39.350000) vcan0 100#FE188A020100137D
(39.400000) vcan0 100#09198A020100148C
(39.400000) vcan0 101#8609000028238A0E
(39.400000) vcan0 200#6311EE02E8018AFF
(39.400000) vcan0 201#8813000000008A12
(39.400000) vcan0 300#000003F00000C535
(39.450000) vcan0 100#15198A0201001591
(39.500000) vcan0 100#21198A02010016A6
(39.500000) vcan0 101#9809000028238B11
(39.500000) vcan0 200#7311EE02E8018BEE
(39.500000) vcan0 201#8813000000008B13
(39.500000) vcan0 400#381D9B620C2B9E61
(39.500000) vcan0 500#CE008C00012A4F23
(39.550000) vcan0 100#2C198A02010017AA
(39.600000) vcan0 100#38198A02010018B1
(39.600000) vcan0 101#AA09000028238C24
(39.600000) vcan0 200#8311EE02E9018C18
(39.600000) vcan0 201#8813000000008C14
(39.600000) vcan0 300#000003F00000C636
(39.650000) vcan0 100#44198A02010019CC
(39.700000) vcan0 100#4F198A0201001AC4
(39.700000) vcan0 101#BC09000028238D33
(39.700000) vcan0 200#9411EE02E9018D0E
(39.700000) vcan0 201#8813000000008D15
(39.750000) vcan0 100#5B198A0201001BD1
(39.750000) vcan0 400#3A1D77630C2B9F8F
(39.800000) vcan0 100#67198A0201001CEA
(39.800000) vcan0 101#CE09000028238E42
(39.800000) vcan0 200#A411EE02EA018E3E
(39.800000) vcan0 201#8813000000008E16
(39.800000) vcan0 300#000003F00000C737
(39.850000) vcan0 100#73198A0201001DFF
(39.900000) vcan0 100#7E198A0201001EF1
(39.900000) vcan0 101#E009000028238F6D
(39.900000) vcan0 200#B411EE02EA018F2F
(39.900000) vcan0 201#8813000000008F17
(39.950000) vcan0 100#8A198A0201001F04
(40.000000) vcan0 100#96198A0201002027
(40.000000) vcan0 101#F209000028239060
(40.000000) vcan0 200#C411EE02EA019040
(40.000000) vcan0 201#8813000000009008
(40.000000) vcan0 300#000003F00000C838
(40.000000) vcan0 400#3C1D53640C2BA095
(40.000000) vcan0 500#CE008C00012A503C
(40.000000) vcan0 600#90010000000028BF
(40.050000) vcan0 100#A1198A0201002111
(40.100000) vcan0 100#AD198A020100221E
(40.100000) vcan0 101#040A000028239194
(40.100000) vcan0 200#D511EE02EB019151
(40.100000) vcan0 201#8813000000009109
(40.150000) vcan0 100#B9198A020100230B
(40.200000) vcan0 100#C4198A0201002471
(40.200000) vcan0 101#170A000028239284
(40.200000) vcan0 200#E511EE02EB019262
(40.200000) vcan0 201#881300000000920A
(40.200000) vcan0 300#000003F00000C939
(40.250000) vcan0 100#D0198A0201002564
(40.250000) vcan0 400#3E1D2E650C2BA1EA
(40.300000) vcan0 100#DC198A020100266B
(40.300000) vcan0 101#290A0000282393BB
(40.300000) vcan0 200#F511EE02EC019374
(40.300000) vcan0 201#881300000000930B
(40.350000) vcan0 100#E8198A020100275E
(40.400000) vcan0 100#F3198A020100284A
(40.400000) vcan0 101#3B0A0000282394AE
(40.400000) vcan0 200#0512EE02EC019480
(40.400000) vcan0 201#881300000000940C
(40.400000) vcan0 300#000003F00000CA3A
(40.450000) vcan0 100#FF198A0201002947
(40.500000) vcan0 100#0B1A8A0201002AB3
(40.500000) vcan0 101#4E0A0000282395DA
(40.500000) vcan0 200#1612EE02ED019593
(40.500000) vcan0 201#881300000000950D
(40.500000) vcan0 400#401D09660C2BA2B3
(40.500000) vcan0 500#CE008C00012A513D
(40.550000) vcan0 100#161A8A0201002BAF
(40.600000) vcan0 100#221A8A0201002C9C
(40.600000) vcan0 101#610A0000282396F6
(40.600000) vcan0 200#2612EE02ED0196A0
(40.600000) vcan0 201#881300000000960E
(40.600000) vcan0 300#000003F00000CB3B
(40.650000) vcan0 100#2E1A8A0201002D91
(40.700000) vcan0 100#391A8A0201002E85
(40.700000) vcan0 101#730A0000282397E5
(40.700000) vcan0 200#3612EE02ED0197B1
(40.700000) vcan0 201#881300000000970F
(40.750000) vcan0 100#451A8A0201002FF8
(40.750000) vcan0 400#421DE3660C2BA35A
(40.800000) vcan0 100#511A8A02010030F3
(40.800000) vcan0 101#860A00002823981F
(40.800000) vcan0 200#4612EE02EE0198CD
(40.800000) vcan0 201#8813000000009800
(40.800000) vcan0 300#000003F00000CC3C
(40.850000) vcan0 100#5D1A8A02010031FE
(40.900000) vcan0 100#681A8A02010032C8
(40.900000) vcan0 101#990A000028239901
(40.900000) vcan0 200#5712EE02EE0199DD
(40.900000) vcan0 201#8813000000009901
(40.950000) vcan0 100#741A8A02010033D5
(41.000000) vcan0 100#801A8A0201003426
(41.000000) vcan0 101#AB0A000028239A30
(41.000000) vcan0 200#6712EE02EF019AEF
(41.000000) vcan0 201#8813000000009A02
(41.000000) vcan0 300#000003F00000CD3D
(41.000000) vcan0 400#441DBD670C2BA404
(41.000000) vcan0 500#CE008C00012A523E
(41.000000) vcan0 600#9A010000000029B4
(41.050000) vcan0 100#8B1A8A020100352C
(41.100000) vcan0 100#971A8A0201003633
(41.100000) vcan0 101#BE0A000028239B24
(41.100000) vcan0 200#7712EE02EF019BFE
(41.100000) vcan0 201#8813000000009B03
(41.150000) vcan0 100#A31A8A0201003706
(41.200000) vcan0 100#AE1A8A0201003804
(41.200000) vcan0 101#D10A000028239C4C
(41.200000) vcan0 200#8712EE02EF019C09
(41.200000) vcan0 201#8813000000009C04
(41.200000) vcan0 300#000003F00000CE3E
(41.250000) vcan0 100#BA1A8A0201003911
(41.250000) vcan0 400#461D97680C2BA522
(41.300000) vcan0 100#C61A8A0201003A6E
(41.300000) vcan0 101#E40A000028239D78
(41.300000) vcan0 200#9812EE02F0019D08
(41.300000) vcan0 201#8813000000009D05
(41.350000) vcan0 100#D21A8A0201003B7B
(41.400000) vcan0 100#DD1A8A0201003C73
(41.400000) vcan0 101#F70A000028239E68
(41.400000) vcan0 200#A812EE02F0019E3B
(41.400000) vcan0 201#8813000000009E06
(41.400000) vcan0 300#000003F00000CF3F
(41.450000) vcan0 100#E91A8A0201003D46
(41.500000) vcan0 100#F51A8A0201003E59
(41.500000) vcan0 101#0A0B000028239F95
(41.500000) vcan0 200#B812EE02F1019F2B
(41.500000) vcan0 201#8813000000009F07
(41.500000) vcan0 400#491D71690C2BA6C9
(41.500000) vcan0 500#CE008C00012A533F
(41.550000) vcan0 100#001B8A0201003FAC
(41.600000) vcan0 100#0C1B8A02010040DF
(41.600000) vcan0 101#1E0B00002823A0BE
(41.600000) vcan0 200#C812EE02F101A064
(41.600000) vcan0 201#881300000000A038
(41.600000) vcan0 300#000003F00000D020
(41.650000) vcan0 100#181B8A02010041CA
(41.700000) vcan0 100#231B8A02010042F2
(41.700000) vcan0 101#310B00002823A190
(41.700000) vcan0 200#D912EE02F201A177
(41.700000) vcan0 201#881300000000A139
(41.750000) vcan0 100#2F1B8A02010043FF
(41.750000) vcan0 400#4B1D4A6A0C2BA7F2
(41.800000) vcan0 100#3B1B8A02010044EC
(41.800000) vcan0 101#440B00002823A2E6
(41.800000) vcan0 200#E912EE02F201A244
(41.800000) vcan0 201#881300000000A23A
(41.800000) vcan0 300#000003F00000D121
(41.850000) vcan0 100#471B8A0201004591
(41.900000) vcan0 100#521B8A0201004687
(41.900000) vcan0 101#580B00002823A3FB
(41.900000) vcan0 200#F912EE02F201A355
(41.900000) vcan0 201#881300000000A33B
(41.950000) vcan0 100#5E1B8A020100478A
(42.000000) vcan0 100#6A1B8A02010048B1
(42.000000) vcan0 101#6B0B00002823A4CF
(42.000000) vcan0 200#0913EE02F301A4A2
(42.000000) vcan0 201#881300000000A43C
(42.000000) vcan0 300#000003F00000D222
(42.000000) vcan0 400#4D1D236B0C2BA893
(42.000000) vcan0 500#CE008C00012A5438
(42.000000) vcan0 600#A401000000002A89
(42.050000) vcan0 100#751B8A02010049AF
(42.100000) vcan0 100#811B8A0201004A58
(42.100000) vcan0 101#7F0B00002823A5DA
(42.100000) vcan0 200#1A13EE02F301A5B0
(42.100000) vcan0 201#881300000000A53D
(42.150000) vcan0 100#8D1B8A0201004B55
(42.200000) vcan0 100#981B8A0201004C47
(42.200000) vcan0 101#920B00002823A634
(42.200000) vcan0 200#2A13EE02F401A684
(42.200000) vcan0 201#881300000000A63E
(42.200000) vcan0 300#000003F00000D323
(42.250000) vcan0 100#A41B8A0201004D7A
(42.250000) vcan0 400#4F1DFD6B0C2BA94E
(42.300000) vcan0 100#B01B8A0201004E6D
(42.300000) vcan0 101#A60B00002823A701
(42.300000) vcan0 200#3A13EE02F401A795
(42.300000) vcan0 201#881300000000A73F
(42.350000) vcan0 100#BC1B8A0201004F60
(42.400000) vcan0 100#C71B8A0201005004
(42.400000) vcan0 101#BA0B00002823A812
(42.400000) vcan0 200#4A13EE02F401A8EA
(42.400000) vcan0 201#881300000000A830
(42.400000) vcan0 300#000003F00000D424
(42.450000) vcan0 100#D31B8A0201005111
(42.500000) vcan0 100#DF1B8A020100521E
(42.500000) vcan0 101#CD0B00002823A964
(42.500000) vcan0 200#5B13EE02F501A9FB
(42.500000) vcan0 201#881300000000A931
(42.500000) vcan0 400#511DD66C0C2BAA7F
(42.500000) vcan0 500#CE008C00012A5539
(42.550000) vcan0 100#EA1B8A020100532A
(42.600000) vcan0 100#F61B8A0201005431
(42.600000) vcan0 101#E10B00002823AA4B
(42.600000) vcan0 200#6B13EE02F501AAC8
(42.600000) vcan0 201#881300000000AA32
(42.600000) vcan0 300#000003F00000D525
(42.650000) vcan0 100#021C8A02010055C3
(42.700000) vcan0 100#0D1C8A02010056CF
(42.700000) vcan0 101#F50B00002823AB5E
(42.700000) vcan0 200#7B13EE02F601ABDA
(42.700000) vcan0 201#881300000000AB33
(42.750000) vcan0 100#191C8A02010057DA
(42.750000) vcan0 400#541DAF6D0C2BAB03
(42.800000) vcan0 100#251C8A02010058E9
(42.800000) vcan0 101#090C00002823ACA2
(42.800000) vcan0 200#8B13EE02F601AC2D
(42.800000) vcan0 201#881300000000AC34
(42.800000) vcan0 300#000003F00000D626
(42.850000) vcan0 100#311C8A02010059FC
(42.900000) vcan0 100#3C1C8A0201005AF2
(42.900000) vcan0 101#1D0C00002823ADB7
(42.900000) vcan0 200#9C13EE02F701AD3A
(42.900000) vcan0 201#881300000000AD35
(42.950000) vcan0 100#481C8A0201005B87
(43.000000) vcan0 100#541C8A0201005C9C
(43.000000) vcan0 101#310C00002823AE98
(43.000000) vcan0 200#AC13EE02F701AE09
(43.000000) vcan0 201#881300000000AE36
(43.000000) vcan0 300#000003F00000D727
(43.000000) vcan0 400#561D886E0C2BAC22
(43.000000) vcan0 500#CE008C00012A563A
(43.000000) vcan0 600#AE01000000002B82
(43.050000) vcan0 100#5F1C8A0201005D96
(43.100000) vcan0 100#6B1C8A0201005EA1
(43.100000) vcan0 101#450C00002823AFED
(43.100000) vcan0 200#BC13EE02F701AF18
(43.100000) vcan0 201#881300000000AF37
(43.150000) vcan0 100#771C8A0201005FBC
(43.200000) vcan0 100#821C8A0201006076
(43.200000) vcan0 101#5A0C00002823B0ED
(43.200000) vcan0 200#CC13EE02F801B078
(43.200000) vcan0 201#881300000000B028
(43.200000) vcan0 300#000003F00000D828
(43.250000) vcan0 100#8E1C8A020100617B
(43.250000) vcan0 400#581D616F0C2BADC5
(43.300000) vcan0 100#9A1C8A020100626C
(43.300000) vcan0 101#6E0C00002823B1D8
(43.300000) vcan0 200#DD13EE02F801B168
(43.300000) vcan0 201#881300000000B129
(43.350000) vcan0 100#A61C8A0201006351
(43.400000) vcan0 100#B11C8A0201006441
(43.400000) vcan0 101#820C00002823B237
(43.400000) vcan0 200#ED13EE02F901B25A
(43.400000) vcan0 201#881300000000B22A
(43.400000) vcan0 300#000003F00000D929
(43.450000) vcan0 100#BD1C8A020100654C
(43.500000) vcan0 100#C91C8A020100663B
(43.500000) vcan0 101#970C00002823B323
(43.500000) vcan0 200#FD13EE02F901B34B
(43.500000) vcan0 201#881300000000B32B
(43.500000) vcan0 400#5A1D3A700C2BAE80
(43.500000) vcan0 500#CE008C00012A573B
(43.550000) vcan0 100#D41C8A0201006727
(43.600000) vcan0 100#E01C8A020100681C
(43.600000) vcan0 101#AB0C00002823B418
(43.600000) vcan0 200#0D14EE02F901B4BB
(43.600000) vcan0 201#881300000000B42C
(43.600000) vcan0 300#000003F00000DA2A
(43.650000) vcan0 100#EC1C8A0201006911
(43.700000) vcan0 100#F71C8A0201006A09
(43.700000) vcan0 101#C00C00002823B572
(43.700000) vcan0 200#1E14EE02FA01B5AA
(43.700000) vcan0 201#881300000000B52D
(43.750000) vcan0 100#031D8A0201006BFD
(43.750000) vcan0 400#5C1D14710C2BAFA8
(43.800000) vcan0 100#0F1D8A0201006CF6
(43.800000) vcan0 101#D40C00002823B665
(43.800000) vcan0 200#2E14EE02FA01B699
(43.800000) vcan0 201#881300000000B62E
(43.800000) vcan0 300#000003F00000DB2B
(43.850000) vcan0 100#1B1D8A0201006DE3
(43.900000) vcan0 100#261D8A0201006EDD
(43.900000) vcan0 101#E90C00002823B759
(43.900000) vcan0 200#3E14EE02FB01B789
(43.900000) vcan0 201#881300000000B72F
(43.950000) vcan0 100#321D8A0201006FC8
(44.000000) vcan0 100#3E1D8A02010070DB
(44.000000) vcan0 101#FE0C00002823B841
(44.000000) vcan0 200#4E14EE02FB01B8F6
(44.000000) vcan0 201#881300000000B820
(44.000000) vcan0 300#000003F00000DC2C
(44.000000) vcan0 400#5E1DEE710C2BB04F
(44.000000) vcan0 500#CE008C00012A5834
(44.000000) vcan0 600#B801000000002C93
(44.050000) vcan0 100#491D8A02010071AD
(44.100000) vcan0 100#551D8A02010072B2
(44.100000) vcan0 101#130D00002823B9AC
(44.100000) vcan0 200#5F14EE02FC01B9E1
(44.100000) vcan0 201#881300000000B921
(44.150000) vcan0 100#611D8A0201007387
(44.200000) vcan0 100#6C1D8A020100748D
(44.200000) vcan0 101#280D00002823BA94
(44.200000) vcan0 200#6F14EE02FC01BAD2
(44.200000) vcan0 201#881300000000BA22
(44.200000) vcan0 300#000003F00000DD2D
(44.250000) vcan0 100#781D8A0201007598
(44.250000) vcan0 400#601DC8720C2BB155
(44.300000) vcan0 100#841D8A0201007667
(44.300000) vcan0 101#3D0D00002823BB80
(44.300000) vcan0 200#7F14EE02FC01BBC3
(44.300000) vcan0 201#881300000000BB23
(44.350000) vcan0 100#901D8A0201007772
(44.400000) vcan0 100#9B1D8A0201007876
(44.400000) vcan0 101#520D00002823BCE8
(44.400000) vcan0 200#8F14EE02FD01BC35
(44.400000) vcan0 201#881300000000BC24
(44.400000) vcan0 300#000003F00000DE2E
(44.450000) vcan0 100#A71D8A020100794B
(44.500000) vcan0 100#B31D8A0201007A5C
(44.500000) vcan0 101#670D00002823BDDC
(44.500000) vcan0 200#A014EE02FD01BD1B
(44.500000) vcan0 201#881300000000BD25
(44.500000) vcan0 400#611DA2730C2BB23C
(44.500000) vcan0 500#CE008C00012A5935
(44.550000) vcan0 100#BE1D8A0201007B50
(44.600000) vcan0 100#CA1D8A0201007C23
(44.600000) vcan0 101#7C0D00002823BEC4
(44.600000) vcan0 200#B014EE02FE01BE0B
(44.600000) vcan0 201#881300000000BE26
(44.600000) vcan0 300#000003F00000DF2F
(44.650000) vcan0 100#D61D8A0201007D3E
(44.700000) vcan0 100#E11D8A0201007E0A
(44.700000) vcan0 101#910D00002823BF28
(44.700000) vcan0 200#C014EE02FE01BF7A
(44.700000) vcan0 201#881300000000BF27
(44.750000) vcan0 100#ED1D8A0201007F07
(44.750000) vcan0 400#631D7D740C2BB3E7
(44.800000) vcan0 100#F91D8A02010080EC
(44.800000) vcan0 101#A60D00002823C060
(44.800000) vcan0 200#D014EE02FE01C015
(44.800000) vcan0 201#881300000000C058
(44.800000) vcan0 300#000003F00000E010
(44.850000) vcan0 100#051E8A0201008112
(44.900000) vcan0 100#101E8A0201008204
(44.900000) vcan0 101#BC0D00002823C17B
(44.900000) vcan0 200#E114EE02FF01C124
(44.900000) vcan0 201#881300000000C159
(44.950000) vcan0 100#1C1E8A0201008309
(45.000000) vcan0 100#281E8A020100843A
(45.000000) vcan0 101#D10D00002823C215
(45.000000) vcan0 200#F114EE02FF01C237
(45.000000) vcan0 201#881300000000C25A
(45.000000) vcan0 300#000003F00000E111
(45.000000) vcan0 400#641D30750C2BB4AB
(45.000000) vcan0 500#CE008C00012A5A36
(45.000000) vcan0 600#C201000000002DE8
(45.050000) vcan0 100#331E8A0201008520
(45.100000) vcan0 100#3F1E8A020100862F
(45.100000) vcan0 101#E70D00002823C322
(45.100000) vcan0 200#0115EE020002C33B
(45.100000) vcan0 201#881300000000C35B
(45.150000) vcan0 100#4B1E8A020100875A
(45.200000) vcan0 100#561E8A0201008848
(45.200000) vcan0 101#FC0D00002823C43E
(45.200000) vcan0 200#1115EE020002C42C
(45.200000) vcan0 201#881300000000C45C
(45.200000) vcan0 300#000003F00000E212
(45.250000) vcan0 100#621E8A020100897D
(45.250000) vcan0 400#651D30750C2BB5AB
(45.300000) vcan0 100#6E1E8A0201008A72
(45.300000) vcan0 101#120E00002823C5D2
(45.300000) vcan0 200#2215EE020002C51E
(45.300000) vcan0 201#881300000000C55D
(45.350000) vcan0 100#7A1E8A0201008B67
(45.400000) vcan0 100#851E8A0201008C9F
(45.400000) vcan0 101#270E00002823C6E4
(45.400000) vcan0 200#3215EE020102C60C
(45.400000) vcan0 201#881300000000C65E
(45.400000) vcan0 300#000003F00000E313
(45.450000) vcan0 100#911E8A0201008D8A
(45.500000) vcan0 100#9D1E8A0201008E85
(45.500000) vcan0 101#3D0E00002823C7FF
(45.500000) vcan0 200#4215EE020102C77D
(45.500000) vcan0 201#881300000000C75F
(45.500000) vcan0 400#671D30750C2BB6AA
(45.500000) vcan0 500#CE008C00012A5B37
(45.550000) vcan0 100#A81E8A0201008FB1
(45.600000) vcan0 100#B41E8A02010090B2
(45.600000) vcan0 101#530E00002823C89E
(45.600000) vcan0 200#5215EE020202C861
(45.600000) vcan0 201#881300000000C850
(45.600000) vcan0 300#000003F00000E414
(45.650000) vcan0 100#C01E8A02010091C7
(45.700000) vcan0 100#CB1E8A02010092CF
(45.700000) vcan0 101#690E00002823C9A5
(45.700000) vcan0 200#6315EE020202C951
(45.700000) vcan0 201#881300000000C951
(45.750000) vcan0 100#D71E8A02010093D2
(45.750000) vcan0 400#671D30750C2BB7AB
(45.800000) vcan0 100#E31E8A02010094E1
(45.800000) vcan0 101#7F0E00002823CAB0
(45.800000) vcan0 200#7315EE020202CA42
(45.800000) vcan0 201#881300000000CA52
(45.800000) vcan0 300#000003F00000E515
(45.850000) vcan0 100#EF1E8A02010095EC
(45.900000) vcan0 100#FA1E8A02010096FA
(45.900000) vcan0 101#950E00002823CB5B
(45.900000) vcan0 200#8315EE020302CBB2
(45.900000) vcan0 201#881300000000CB53
(45.950000) vcan0 100#061F8A0201009706
(46.000000) vcan0 100#121F8A020100981D
(46.000000) vcan0 101#AB0E00002823CC62
(46.000000) vcan0 200#9315EE020302CCA5
(46.000000) vcan0 201#881300000000CC54
(46.000000) vcan0 300#000003F00000E616
(46.000000) vcan0 400#681D30750C2BB8AB
(46.000000) vcan0 500#CE008C00012A5C30
(46.000000) vcan0 600#CC01000000002EE5
(46.050000) vcan0 100#1D1F8A0201009913
(46.100000) vcan0 100#291F8A0201009A24
(46.100000) vcan0 101#C10E00002823CD09
(46.100000) vcan0 200#A415EE020402CD94
(46.100000) vcan0 201#881300000000CD55
(46.150000) vcan0 100#351F8A0201009B39
(46.200000) vcan0 100#401F8A0201009C4B
(46.200000) vcan0 101#D70E00002823CE1C
(46.200000) vcan0 200#B415EE020402CE87
(46.200000) vcan0 201#881300000000CE56
(46.200000) vcan0 300#000003F00000E717
(46.250000) vcan0 100#4C1F8A0201009D46
(46.250000) vcan0 400#691D30750C2BB9AB
(46.300000) vcan0 100#581F8A0201009E51
(46.300000) vcan0 101#ED0E00002823CF27
(46.300000) vcan0 200#C415EE020402CFF6
(46.300000) vcan0 201#881300000000CF57
(46.350000) vcan0 100#641F8A0201009F6C
(46.400000) vcan0 100#6F1F8A020100A058
(46.400000) vcan0 101#040F00002823D0D0
(46.400000) vcan0 200#D415EE020502D0F8
(46.400000) vcan0 201#881300000000D048
(46.400000) vcan0 300#000003F00000E818
(46.450000) vcan0 100#7B1F8A020100A14D
(46.500000) vcan0 100#871F8A020100A2B2
(46.500000) vcan0 101#1A0F00002823D1CF
(46.500000) vcan0 200#E515EE020502D1C8
(46.500000) vcan0 201#881300000000D149
(46.500000) vcan0 400#691D30750C2BBAA8
(46.500000) vcan0 500#CE008C00012A5D31
(46.550000) vcan0 100#921F8A020100A3A6
(46.600000) vcan0 100#9E1F8A020100A4AD
(46.600000) vcan0 101#310F00002823D2E7
(46.600000) vcan0 200#F515EE020602D2D8
(46.600000) vcan0 201#881300000000D24A
(46.600000) vcan0 300#000003F00000E919
(46.650000) vcan0 100#AA1F8A020100A598
(46.700000) vcan0 100#B51F8A020100A684
(46.700000) vcan0 101#470F00002823D390
(46.700000) vcan0 200#0516EE020602D32A
(46.700000) vcan0 201#881300000000D34B
(46.750000) vcan0 100#C11F8A020100A7F1
(46.750000) vcan0 400#6A1D30750C2BBBAA
(46.800000) vcan0 100#CD1F8A020100A8F2
(46.800000) vcan0 101#5E0F00002823D48E
(46.800000) vcan0 200#1516EE020602D43D
(46.800000) vcan0 201#881300000000D44C
(46.800000) vcan0 300#000003F00000EA1A
(46.850000) vcan0 100#D91F8A020100A9E7
(46.900000) vcan0 100#E41F8A020100AAD9
(46.900000) vcan0 101#740F00002823D5A5
(46.900000) vcan0 200#2616EE020702D50E
(46.900000) vcan0 201#881300000000D54D
(46.950000) vcan0 100#F01F8A020100ABCC
(47.000000) vcan0 100#FC1F8A020100ACC7
(47.000000) vcan0 101#8B0F00002823D659
(47.000000) vcan0 200#3616EE020702D61D
(47.000000) vcan0 201#881300000000D64E
(47.000000) vcan0 300#000003F00000EB1B
(47.000000) vcan0 400#6A1D30750C2BBCAD
(47.000000) vcan0 500#CE008C00012A5E32
(47.000000) vcan0 600#D601000000002FFE
(47.050000) vcan0 100#07208A020100AD02
(47.100000) vcan0 100#13208A020100AE15
(47.100000) vcan0 101#A20F00002823D771
(47.100000) vcan0 200#4616EE020802D763
(47.100000) vcan0 201#881300000000D74F
(47.150000) vcan0 100#1F208A020100AF18
(47.200000) vcan0 100#2A208A020100B032
(47.200000) vcan0 101#B90F00002823D865
(47.200000) vcan0 200#5616EE020802D87C
(47.200000) vcan0 201#881300000000D840
(47.200000) vcan0 300#000003F00000EC1C
(47.250000) vcan0 100#36208A020100B12F
(47.250000) vcan0 400#6A1D30750C2BBDAC
(47.300000) vcan0 100#42208A020100B258
(47.300000) vcan0 101#CF0F00002823D912
(47.300000) vcan0 200#6716EE020802D94C
(47.300000) vcan0 201#881300000000D941
(47.350000) vcan0 100#4E208A020100B355
(47.400000) vcan0 100#59208A020100B445
(47.400000) vcan0 101#E60F00002823DA38
(47.400000) vcan0 200#7716EE020902DA5E
(47.400000) vcan0 201#881300000000DA42
(47.400000) vcan0 300#000003F00000ED1D
(47.450000) vcan0 100#65208A020100B578
(47.500000) vcan0 100#71208A020100B66F
(47.500000) vcan0 101#FE0F00002823DB21
(47.500000) vcan0 200#8716EE020902DBAF
(47.500000) vcan0 201#881300000000DB43
(47.500000) vcan0 400#6A1D30750C2BBEAF
(47.500000) vcan0 500#CE008C00012A5F33
(47.550000) vcan0 100#7C208A020100B763
(47.600000) vcan0 100#88208A020100B898
(47.600000) vcan0 101#151000002823DCD2
(47.600000) vcan0 200#9716EE020A02DCBB
(47.600000) vcan0 201#881300000000DC44
(47.600000) vcan0 300#000003F00000EE1E
(47.650000) vcan0 100#94208A020100B985
(47.700000) vcan0 100#9F208A020100BA8D
(47.700000) vcan0 101#2C1000002823DDEA
(47.700000) vcan0 200#A816EE020A02DD85
(47.700000) vcan0 201#881300000000DD45
(47.750000) vcan0 100#AB208A020100BBB8
(47.750000) vcan0 400#691D30750C2BBFAD
(47.800000) vcan0 100#B7208A020100BCA3
(47.800000) vcan0 101#431000002823DE86
(47.800000) vcan0 200#B816EE020A02DE96
(47.800000) vcan0 201#881300000000DE46
(47.800000) vcan0 300#000003F00000EF1F
(47.850000) vcan0 100#C3208A020100BDD6
(47.900000) vcan0 100#CE208A020100BED8
(47.900000) vcan0 101#5A1000002823DF9E
(47.900000) vcan0 200#C816EE020B02DFE6
(47.900000) vcan0 201#881300000000DF47
(47.950000) vcan0 100#DA208A020100BFCD
(48.000000) vcan0 100#E6208A020100C08E
(48.000000) vcan0 101#721000002823E089
(48.000000) vcan0 200#D816EE020B02E0C9
(48.000000) vcan0 201#881300000000E078
(48.000000) vcan0 300#000003F00000F000
(48.000000) vcan0 400#691D30750C2BC0D2
(48.000000) vcan0 500#CE008C00012A600C
(48.000000) vcan0 600#E0010000000030D7
(48.050000) vcan0 100#F1208A020100C198
(48.100000) vcan0 100#FD208A020100C297
(48.100000) vcan0 101#891000002823E173
(48.100000) vcan0 200#E916EE020B02E1F9
(48.100000) vcan0 201#881300000000E179
(48.150000) vcan0 100#09218A020100C363
(48.200000) vcan0 100#14218A020100C479
(48.200000) vcan0 101#A11000002823E258
(48.200000) vcan0 200#F916EE020C02E2ED
(48.200000) vcan0 201#881300000000E27A
(48.200000) vcan0 300#000003F00000F101
(48.250000) vcan0 100#20218A020100C54C
(48.250000) vcan0 400#681D30750C2BC1D2
(48.300000) vcan0 100#2C218A020100C643
(48.300000) vcan0 101#B81000002823E340
(48.300000) vcan0 200#0917EE020C02E31D
(48.300000) vcan0 201#881300000000E37B
(48.350000) vcan0 100#38218A020100C756
(48.400000) vcan0 100#43218A020100C822
(48.400000) vcan0 101#D01000002823E42F
(48.400000) vcan0 200#1917EE020D02E40B
(48.400000) vcan0 201#881300000000E47C
(48.400000) vcan0 300#000003F00000F202
(48.450000) vcan0 100#4F218A020100C92F
(48.500000) vcan0 100#5B218A020100CA38
(48.500000) vcan0 101#E71000002823E519
(48.500000) vcan0 200#2A17EE020D02E539
(48.500000) vcan0 201#881300000000E57D
(48.500000) vcan0 400#671D30750C2BC2DE
(48.500000) vcan0 500#CE008C00012A610D
(48.550000) vcan0 100#66218A020100CB04
(48.600000) vcan0 100#72218A020100CC17
(48.600000) vcan0 101#FF1000002823E602
(48.600000) vcan0 200#3A17EE020D02E62A
(48.600000) vcan0 201#881300000000E67E
(48.600000) vcan0 300#000003F00000F303
(48.650000) vcan0 100#7E218A020100CD1A
(48.700000) vcan0 100#89218A020100CEEE
(48.700000) vcan0 101#171100002823E7EA
(48.700000) vcan0 200#4A17EE020E02E758
(48.700000) vcan0 201#881300000000E77F
(48.750000) vcan0 100#95218A020100CFF3
(48.750000) vcan0 400#671D30750C2BC3DF
(48.800000) vcan0 100#A1218A020100D0D8
(48.800000) vcan0 101#2F1100002823E8DD
(48.800000) vcan0 200#5A17EE020E02E847
(48.800000) vcan0 201#881300000000E870
(48.800000) vcan0 300#000003F00000F404
(48.850000) vcan0 100#AD218A020100D1D5
(48.900000) vcan0 100#B8218A020100D2C3
(48.900000) vcan0 101#471100002823E9B4
(48.900000) vcan0 200#6B17EE020F02E976
(48.900000) vcan0 201#881300000000E971
(48.950000) vcan0 100#C4218A020100D3BE
(49.000000) vcan0 100#D0218A020100D4AD
(49.000000) vcan0 101#5F1100002823EAAF
(49.000000) vcan0 200#7B17EE020F02EA65
(49.000000) vcan0 201#881300000000EA72
(49.000000) vcan0 300#000003F00000F505
(49.000000) vcan0 400#651D30750C2BC4DA
(49.000000) vcan0 500#CE008C00012A620E
(49.000000) vcan0 600#EA010000000031DC
(49.050000) vcan0 100#DB218A020100D5A7
(49.100000) vcan0 100#E7218A020100D698
(49.100000) vcan0 101#771100002823EB86
(49.100000) vcan0 200#8B17EE020F02EB94
(49.100000) vcan0 201#881300000000EB73
(49.150000) vcan0 100#F3218A020100D78D
(49.200000) vcan0 100#FE218A020100D88F
(49.200000) vcan0 101#8F1100002823EC79
(49.200000) vcan0 200#9B17EE021002EC9C
(49.200000) vcan0 201#881300000000EC74
(49.200000) vcan0 300#000003F00000F606
(49.250000) vcan0 100#0A228A020100D979
(49.250000) vcan0 400#641D30750C2BC5DA
(49.300000) vcan0 100#16228A020100DA66
(49.300000) vcan0 101#A71100002823ED50
(49.300000) vcan0 200#AC17EE021002EDAA
(49.300000) vcan0 201#881300000000ED75
(49.350000) vcan0 100#22228A020100DB53
(49.400000) vcan0 100#2D228A020100DC5B
(49.400000) vcan0 101#C01100002823EE34
(49.400000) vcan0 200#BC17EE021102EEB8
(49.400000) vcan0 201#881300000000EE76
(49.400000) vcan0 300#000003F00000F707
(49.450000) vcan0 100#39228A020100DD4E
(49.500000) vcan0 100#45228A020100DE31
(49.500000) vcan0 101#D81100002823EF2D
(49.500000) vcan0 200#CC17EE021102EFC9
(49.500000) vcan0 201#881300000000EF77
(49.500000) vcan0 400#631D30750C2BC6DE
(49.500000) vcan0 500#CE008C00012A630F
(49.550000) vcan0 100#50228A020100DF25
(49.600000) vcan0 100#5C228A020100E016
(49.600000) vcan0 101#F01100002823F01A
(49.600000) vcan0 200#DC17EE021102F0C6
(49.600000) vcan0 201#881300000000F068
(49.600000) vcan0 300#000003F00000F808
(49.650000) vcan0 100#68228A020100E123
(49.700000) vcan0 100#73228A020100E23B
(49.700000) vcan0 101#091200002823F1E1
(49.700000) vcan0 200#ED17EE021202F1F5
(49.700000) vcan0 201#881300000000F169
(49.750000) vcan0 100#7F228A020100E336
(49.750000) vcan0 400#611D30750C2BC7DD
(49.800000) vcan0 100#8B228A020100E4C5
(49.800000) vcan0 101#211200002823F2CA
(49.800000) vcan0 200#FD17EE021202F2E6
(49.800000) vcan0 201#881300000000F26A
(49.800000) vcan0 300#000003F00000F909
(49.850000) vcan0 100#97228A020100E5D8
(49.900000) vcan0 100#A2228A020100E6EE
(49.900000) vcan0 101#3A1200002823F3D0
(49.900000) vcan0 200#0D18EE021202F318
(49.900000) vcan0 201#881300000000F36B
(49.950000) vcan0 100#AE228A020100E7E3
(50.000000) vcan0 100#BA228A020100E8F8
(50.000000) vcan0 101#531200002823F4BE
(50.000000) vcan0 200#1D18EE021302F40E
(50.000000) vcan0 201#881300000000F46C
(50.000000) vcan0 300#000003F00000FA0A
(50.000000) vcan0 400#601D30750C2BC8D3
(50.000000) vcan0 500#CE008C00012A6408
(50.000000) vcan0 600#F4010000000032C1
(50.050000) vcan0 100#C5228A020100E986
(50.100000) vcan0 100#D1228A020100EA91
(50.100000) vcan0 101#6B1200002823F587
(50.100000) vcan0 200#2E18EE021302F53C
(50.100000) vcan0 201#881300000000F56D
(50.150000) vcan0 100#DD228A020100EB9C
(50.200000) vcan0 100#E8228A020100ECAE
(50.200000) vcan0 101#841200002823F66B
(50.200000) vcan0 200#3E18EE021402F628
(50.200000) vcan0 201#881300000000F66E
(50.200000) vcan0 300#000003F00000FB0B
(50.250000) vcan0 100#F4228A020100EDB3
(50.250000) vcan0 400#5E1D30750C2BC9EC
(50.300000) vcan0 100#00238A020100EE45
(50.300000) vcan0 101#9D1200002823F773
(50.300000) vcan0 200#4E18EE021402F759
(50.300000) vcan0 201#881300000000F76F
(50.350000) vcan0 100#0C238A020100EF48
(50.400000) vcan0 100#17238A020100F04C
(50.400000) vcan0 101#B61200002823F857
(50.400000) vcan0 200#5E18EE021402F846
(50.400000) vcan0 201#881300000000F860
(50.400000) vcan0 300#000003F00000FC0C
(50.450000) vcan0 100#23238A020100F179
(50.500000) vcan0 100#282300000200F2FA
(50.500000) vcan0 101#CF1200002823F92F
(50.500000) vcan0 200#6A1878001502F9E6
(50.500000) vcan0 201#881300000000F961
(50.500000) vcan0 400#5C1D90010C2BCA39
(50.500000) vcan0 500#CE008C00012A6509
(50.550000) vcan0 100#282300000200F3FB
(50.600000) vcan0 100#282300000200F4FC
(50.600000) vcan0 101#E81200002823FA0B
(50.600000) vcan0 200#6A1878001402FAE4
(50.600000) vcan0 201#881300000000FA62
(50.600000) vcan0 300#000003F00000FD0D
(50.650000) vcan0 100#282300000200F5FD
(50.700000) vcan0 100#282300000200F6FE
(50.700000) vcan0 101#011300002823FBE2
(50.700000) vcan0 200#6A1878001402FBE5
(50.700000) vcan0 201#881300000000FB63
(50.750000) vcan0 100#282300000200F7FF
(50.750000) vcan0 400#5A1D90010C2BCB3E
(50.800000) vcan0 100#282300000200F8F0
(50.800000) vcan0 101#1A1300002823FCFE
(50.800000) vcan0 200#6A1878001402FCE2
(50.800000) vcan0 201#881300000000FC64
(50.800000) vcan0 300#000003F00000FE0E
(50.850000) vcan0 100#282300000200F9F1
(50.900000) vcan0 100#282300000200FAF2
(50.900000) vcan0 101#331300002823FDD6
(50.900000) vcan0 200#6A1878001402FDE3
(50.900000) vcan0 201#881300000000FD65
(50.950000) vcan0 100#282300000200FBF3
(51.000000) vcan0 100#282300000200FCF4
(51.000000) vcan0 101#4C1300002823FEAA
(51.000000) vcan0 200#6A1878001402FEE0
(51.000000) vcan0 201#881300000000FE66
(51.000000) vcan0 300#000003F00000FF0F
(51.000000) vcan0 400#581D90010C2BCC3B
(51.000000) vcan0 500#CE008C00012A660A
(51.000000) vcan0 600#FE010000000033CA
(51.050000) vcan0 100#282300000200FDF5
(51.100000) vcan0 100#282300000200FEF6
(51.100000) vcan0 101#651300002823FF82
(51.100000) vcan0 200#6A1878001402FFE1
(51.100000) vcan0 201#881300000000FF67
(51.150000) vcan0 100#282300000200FFF7
(51.200000) vcan0 100#2823000002000008
(51.200000) vcan0 101#7E13000028230066
(51.200000) vcan0 200#6A1878001402001E
(51.200000) vcan0 201#8813000000000098
(51.200000) vcan0 300#000003F0000000F0
(51.250000) vcan0 100#2823000002000109
(51.250000) vcan0 400#561D90010C2BCD34
(51.300000) vcan0 100#282300000200020A
(51.300000) vcan0 101#971300002823018E
(51.300000) vcan0 200#6A1878001402011F
(51.300000) vcan0 201#8813000000000199
(51.350000) vcan0 100#282300000200030B
(51.400000) vcan0 100#282300000200040C
(51.400000) vcan0 101#B0130000282302AA
(51.400000) vcan0 200#6A1878001402021C
(51.400000) vcan0 201#881300000000029A
(51.400000) vcan0 300#000003F0000001F1
(51.450000) vcan0 100#282300000200050D
(51.500000) vcan0 100#282300000200060E
(51.500000) vcan0 101#C9130000282303D2
(51.500000) vcan0 200#6A1878001302031A
(51.500000) vcan0 201#881300000000039B
(51.500000) vcan0 400#541D90010C2BCE35
(51.500000) vcan0 500#CE008C00012A670B
(51.550000) vcan0 100#282300000200070F
(51.600000) vcan0 100#2823000002000800
(51.600000) vcan0 101#E2130000282304FE
(51.600000) vcan0 200#6A1878001302041D
(51.600000) vcan0 201#881300000000049C
(51.600000) vcan0 300#000003F0000002F2
(51.650000) vcan0 100#2823000002000901
(51.700000) vcan0 100#2823000002000A02
(51.700000) vcan0 101#FB130000282305E6
(51.700000) vcan0 200#6A1878001302051C
(51.700000) vcan0 201#881300000000059D
(51.750000) vcan0 100#2823000002000B03
(51.750000) vcan0 400#511D90010C2BCF31
(51.800000) vcan0 100#2823000002000C04
(51.800000) vcan0 101#141400002823060D
(51.800000) vcan0 200#6A1878001302061F
(51.800000) vcan0 201#881300000000069E
(51.800000) vcan0 300#000003F0000003F3
(51.850000) vcan0 100#2823000002000D05
(51.900000) vcan0 100#2823000002000E06
(51.900000) vcan0 101#2D14000028230735
(51.900000) vcan0 200#6A1878001302071E
(51.900000) vcan0 201#881300000000079F
(51.950000) vcan0 100#2823000002000F07
(52.000000) vcan0 100#2823000002001018
(52.000000) vcan0 101#4614000028230851
(52.000000) vcan0 200#6A18780013020811
(52.000000) vcan0 201#8813000000000890
(52.000000) vcan0 300#000003F0000004F4
(52.000000) vcan0 400#4F1D90010C2BD030
(52.000000) vcan0 500#CD008C00012A6807
(52.000000) vcan0 600#0802000000003438
(52.050000) vcan0 100#2823000002001119
(52.100000) vcan0 100#282300000200121A
(52.100000) vcan0 101#5F14000028230949
(52.100000) vcan0 200#6A18780013020910
(52.100000) vcan0 201#8813000000000991
(52.150000) vcan0 100#282300000200131B
(52.200000) vcan0 100#282300000200141C
(52.200000) vcan0 101#7814000028230A6D
(52.200000) vcan0 200#6A18780013020A13
(52.200000) vcan0 201#8813000000000A92
(52.200000) vcan0 300#000003F0000005F5
(52.250000) vcan0 100#282300000200151D
(52.250000) vcan0 400#4D1D90010C2BD133
(52.300000) vcan0 100#282300000200161E
(52.300000) vcan0 101#9114000028230B85
(52.300000) vcan0 200#6A18780013020B12
(52.300000) vcan0 201#8813000000000B93
(52.350000) vcan0 100#282300000200171F
(52.400000) vcan0 100#2823000002001810
(52.400000) vcan0 101#AA14000028230CB9
(52.400000) vcan0 200#6A18780013020C15
(52.400000) vcan0 201#8813000000000C94
(52.400000) vcan0 300#000003F0000006F6
(52.450000) vcan0 100#2823000002001911
(52.500000) vcan0 100#2823000002001A12
(52.500000) vcan0 101#C314000028230DD1
(52.500000) vcan0 200#6A18780012020D15
(52.500000) vcan0 201#8813000000000D95
(52.500000) vcan0 400#4B1D90010C2BD236
(52.500000) vcan0 500#CD008C00012A6906
(52.550000) vcan0 100#2823000002001B13
(52.600000) vcan0 100#2823000002001C14
(52.600000) vcan0 101#DC14000028230ECD
(52.600000) vcan0 200#6A18780012020E16
(52.600000) vcan0 201#8813000000000E96
(52.600000) vcan0 300#000003F0000007F7
(52.650000) vcan0 100#2823000002001D15
(52.700000) vcan0 100#2823000002001E16
(52.700000) vcan0 101#F514000028230FE5
(52.700000) vcan0 200#6A18780012020F17
(52.700000) vcan0 201#8813000000000F97
(52.750000) vcan0 100#2823000002001F17
(52.750000) vcan0 400#481D90010C2BD334
(52.800000) vcan0 100#2823000002002028
(52.800000) vcan0 101#0E15000028231000
(52.800000) vcan0 200#6A18780012021008
(52.800000) vcan0 201#8813000000001088
(52.800000) vcan0 300#000003F0000008F8
(52.850000) vcan0 100#2823000002002129
(52.900000) vcan0 100#282300000200222A
(52.900000) vcan0 101#2715000028231128
(52.900000) vcan0 200#6A18780012021109
(52.900000) vcan0 201#8813000000001189
(52.950000) vcan0 100#282300000200232B
(53.000000) vcan0 100#282300000200242C
(53.000000) vcan0 101#401500002823124C
(53.000000) vcan0 200#6A1878001202120A
(53.000000) vcan0 201#881300000000128A
(53.000000) vcan0 300#000003F0000009F9
(53.000000) vcan0 400#461D90010C2BD43D
(53.000000) vcan0 500#CD008C00012A6A05
(53.000000) vcan0 600#1202000000003523
(53.050000) vcan0 100#282300000200252D
(53.100000) vcan0 100#282300000200262E
(53.100000) vcan0 101#5915000028231354
(53.100000) vcan0 200#6A1878001202130B
(53.100000) vcan0 201#881300000000138B
(53.150000) vcan0 100#282300000200272F
(53.200000) vcan0 100#2823000002002820
(53.200000) vcan0 101#7215000028231478
(53.200000) vcan0 200#6A1878001202140C
(53.200000) vcan0 201#881300000000148C
(53.200000) vcan0 300#000003F000000AFA
(53.250000) vcan0 100#2823000002002921
(53.250000) vcan0 400#441D90010C2BD53E
(53.300000) vcan0 100#2823000002002A22
(53.300000) vcan0 101#8B15000028231580
(53.300000) vcan0 200#6A1878001202150D
(53.300000) vcan0 201#881300000000158D
(53.350000) vcan0 100#2823000002002B23
(53.400000) vcan0 100#2823000002002C24
(53.400000) vcan0 101#A4150000282316AC
(53.400000) vcan0 200#6A1878001102160D
(53.400000) vcan0 201#881300000000168E
(53.400000) vcan0 300#000003F000000BFB
(53.450000) vcan0 100#2823000002002D25
(53.500000) vcan0 100#2823000002002E26
(53.500000) vcan0 101#BD150000282317B4
(53.500000) vcan0 200#6A1878001102170C
(53.500000) vcan0 201#881300000000178F
(53.500000) vcan0 400#421D90010C2BD63B
(53.500000) vcan0 500#CD008C00012A6B04
(53.550000) vcan0 100#2823000002002F27
(53.600000) vcan0 100#2823000002003038
(53.600000) vcan0 101#D6150000282318D0
(53.600000) vcan0 200#6A18780011021803
(53.600000) vcan0 201#8813000000001880
(53.600000) vcan0 300#000003F000000CFC
(53.650000) vcan0 100#2823000002003139
(53.700000) vcan0 100#282300000200323A
(53.700000) vcan0 101#EF150000282319E8
(53.700000) vcan0 200#6A18780011021902
(53.700000) vcan0 201#8813000000001981
(53.750000) vcan0 100#282300000200333B
(53.750000) vcan0 400#401D90010C2BD738
(53.800000) vcan0 100#282300000200343C
(53.800000) vcan0 101#0816000028231A0F
(53.800000) vcan0 200#6A18780011021A01
(53.800000) vcan0 201#8813000000001A82
(53.800000) vcan0 300#000003F000000DFD
(53.850000) vcan0 100#282300000200353D
(53.900000) vcan0 100#282300000200363E
(53.900000) vcan0 101#2116000028231B27
(53.900000) vcan0 200#6A18780011021B00
(53.900000) vcan0 201#8813000000001B83
(53.950000) vcan0 100#282300000200373F
(54.000000) vcan0 100#2823000002003830
(54.000000) vcan0 101#3A16000028231C3B
(54.000000) vcan0 200#6A18780011021C07
(54.000000) vcan0 201#8813000000001C84
(54.000000) vcan0 300#000003F000000EFE
(54.000000) vcan0 400#3E1D90010C2BD849
(54.000000) vcan0 500#CD008C00012A6C03
(54.000000) vcan0 600#1C0200000000362E
(54.050000) vcan0 100#2823000002003931
(54.100000) vcan0 100#2823000002003A32
(54.100000) vcan0 101#5316000028231D53
(54.100000) vcan0 200#6A18780011021D06
(54.100000) vcan0 201#8813000000001D85
(54.150000) vcan0 100#2823000002003B33
(54.200000) vcan0 100#2823000002003C34
(54.200000) vcan0 101#6C16000028231E6F
(54.200000) vcan0 200#6A18780011021E05
(54.200000) vcan0 201#8813000000001E86
(54.200000) vcan0 300#000003F000000FFF
(54.250000) vcan0 100#2823000002003D35
(54.250000) vcan0 400#3C1D90010C2BD94A
(54.300000) vcan0 100#2823000002003E36
(54.300000) vcan0 101#8516000028231F87
(54.300000) vcan0 200#6A18780011021F04
(54.300000) vcan0 201#8813000000001F87
(54.350000) vcan0 100#2823000002003F37
(54.400000) vcan0 100#2823000002004048
(54.400000) vcan0 101#9E160000282320A3
(54.400000) vcan0 200#6A1878001002203A
(54.400000) vcan0 201#88130000000020B8
(54.400000) vcan0 300#000003F0000010E0
(54.450000) vcan0 100#2823000002004149
(54.500000) vcan0 100#282300000200424A
(54.500000) vcan0 101#B71600002823218B
(54.500000) vcan0 200#6A1878001002213B
(54.500000) vcan0 201#88130000000021B9
(54.500000) vcan0 400#3A1D90010C2BDA4F
(54.500000) vcan0 500#CD008C00012A6D02
(54.550000) vcan0 100#282300000200434B
(54.600000) vcan0 100#282300000200444C
(54.600000) vcan0 101#D0160000282322EF
(54.600000) vcan0 200#6A18780010022238
(54.600000) vcan0 201#88130000000022BA
(54.600000) vcan0 300#000003F0000011E1
(54.650000) vcan0 100#282300000200454D
(54.700000) vcan0 100#282300000200464E
(54.700000) vcan0 101#E9160000282323D7
(54.700000) vcan0 200#6A18780010022339
(54.700000) vcan0 201#88130000000023BB
(54.750000) vcan0 100#282300000200474F
(54.750000) vcan0 400#381D90010C2BDB4C
(54.800000) vcan0 100#2823000002004840
(54.800000) vcan0 101#021700002823243A
(54.800000) vcan0 200#6A1878001002243E
(54.800000) vcan0 201#88130000000024BC
(54.800000) vcan0 300#000003F0000012E2
(54.850000) vcan0 100#2823000002004941
(54.900000) vcan0 100#2823000002004A42
(54.900000) vcan0 101#1B17000028232522
(54.900000) vcan0 200#6A1878001002253F
(54.900000) vcan0 201#88130000000025BD
(54.950000) vcan0 100#2823000002004B43
(55.000000) vcan0 100#2823000002004C44
(55.000000) vcan0 101#341700002823260E
(55.000000) vcan0 200#6A1878001002263C
(55.000000) vcan0 201#88130000000026BE
(55.000000) vcan0 300#000003F0000013E3
(55.000000) vcan0 400#371D90010C2BDC44
(55.000000) vcan0 500#CD008C00012A6E01
(55.000000) vcan0 600#2602000000003715
(55.050000) vcan0 100#2823000002004D45
(55.100000) vcan0 100#2823000002004E46
(55.100000) vcan0 101#4D17000028232776
(55.100000) vcan0 200#6A1878001002273D
(55.100000) vcan0 201#88130000000027BF
(55.150000) vcan0 100#2823000002004F47
(55.200000) vcan0 100#2823000002005058
(55.200000) vcan0 101#6617000028232852
(55.200000) vcan0 200#6A18780010022832
(55.200000) vcan0 201#88130000000028B0
(55.200000) vcan0 300#000003F0000014E4
(55.250000) vcan0 100#2823000002005159
(55.250000) vcan0 400#351D90010C2BDD47
(55.300000) vcan0 100#282300000200525A
(55.300000) vcan0 101#7F1700002823294A
(55.300000) vcan0 200#6A1878000F02292C
(55.300000) vcan0 201#88130000000029B1
(55.350000) vcan0 100#282300000200535B
(55.400000) vcan0 100#282300000200545C
(55.400000) vcan0 101#9817000028232AAE
(55.400000) vcan0 200#6A1878000F022A2F
(55.400000) vcan0 201#8813000000002AB2
(55.400000) vcan0 300#000003F0000015E5
(55.450000) vcan0 100#282300000200555D
(55.500000) vcan0 100#282300000200565E
(55.500000) vcan0 101#B117000028232B86
(55.500000) vcan0 200#6A1878000F022B2E
(55.500000) vcan0 201#8813000000002BB3
(55.500000) vcan0 400#341D90010C2BDE45
(55.500000) vcan0 500#CD008C00012A6F00
(55.550000) vcan0 100#282300000200575F
(55.600000) vcan0 100#2823000002005850
(55.600000) vcan0 101#CA17000028232CFA
(55.600000) vcan0 200#6A1878000F022C29
(55.600000) vcan0 201#8813000000002CB4
(55.600000) vcan0 300#000003F0000016E6
(55.650000) vcan0 100#2823000002005951
(55.700000) vcan0 100#2823000002005A52
(55.700000) vcan0 101#E317000028232DD2
(55.700000) vcan0 200#6A1878000F022D28
(55.700000) vcan0 201#8813000000002DB5
(55.750000) vcan0 100#2823000002005B53
(55.750000) vcan0 400#321D90010C2BDF42
(55.800000) vcan0 100#2823000002005C54
(55.800000) vcan0 101#FC17000028232ECE
(55.800000) vcan0 200#6A1878000F022E2B
(55.800000) vcan0 201#8813000000002EB6
(55.800000) vcan0 300#000003F0000017E7
(55.850000) vcan0 100#2823000002005D55
(55.900000) vcan0 100#2823000002005E56
(55.900000) vcan0 101#1518000028232F29
(55.900000) vcan0 200#6A1878000F022F2A
(55.900000) vcan0 201#8813000000002FB7
(55.950000) vcan0 100#2823000002005F57
(56.000000) vcan0 100#2823000002006068
(56.000000) vcan0 101#2E1800002823300D
(56.000000) vcan0 200#6A1878000F023035
(56.000000) vcan0 201#88130000000030A8
(56.000000) vcan0 300#000003F0000018E8
(56.000000) vcan0 400#311D90010C2BE07E
(56.000000) vcan0 500#CD008C00012A701F
(56.000000) vcan0 600#300200000000380C
(56.050000) vcan0 100#2823000002006169
(56.100000) vcan0 100#282300000200626A
(56.100000) vcan0 101#4718000028233165
(56.100000) vcan0 200#6A1878000F023134
(56.100000) vcan0 201#88130000000031A9
(56.150000) vcan0 100#282300000200636B
(56.200000) vcan0 100#282300000200646C
(56.200000) vcan0 101#6018000028233241
(56.200000) vcan0 200#6A1878000F023237
(56.200000) vcan0 201#88130000000032AA
(56.200000) vcan0 300#000003F0000019E9
(56.250000) vcan0 100#282300000200656D
(56.250000) vcan0 400#301D90010C2BE17E
(56.300000) vcan0 100#282300000200666E
(56.300000) vcan0 101#7918000028233359
(56.300000) vcan0 200#6A1878000E023337
(56.300000) vcan0 201#88130000000033AB
(56.350000) vcan0 100#282300000200676F
(56.400000) vcan0 100#2823000002006860
(56.400000) vcan0 101#92180000282334B5
(56.400000) vcan0 200#6A1878000E023430
(56.400000) vcan0 201#88130000000034AC
(56.400000) vcan0 300#000003F000001AEA
(56.450000) vcan0 100#2823000002006961
(56.500000) vcan0 100#2823000002006A62
(56.500000) vcan0 101#AB1800002823358D
(56.500000) vcan0 200#6A1878000E023531
(56.500000) vcan0 201#88130000000035AD
(56.500000) vcan0 400#301D90010C2BE27D
(56.500000) vcan0 500#CD008C00012A711E
(56.550000) vcan0 100#2823000002006B63
(56.600000) vcan0 100#2823000002006C64
(56.600000) vcan0 101#C4180000282336E1
(56.600000) vcan0 200#6A1878000E023632
(56.600000) vcan0 201#88130000000036AE
(56.600000) vcan0 300#000003F000001BEB
(56.650000) vcan0 100#2823000002006D65
(56.700000) vcan0 100#2823000002006E66
(56.700000) vcan0 101#DD180000282337F9
(56.700000) vcan0 200#6A1878000E023733
(56.700000) vcan0 201#88130000000037AF
(56.750000) vcan0 100#2823000002006F67
(56.750000) vcan0 400#2F1D90010C2BE363
(56.800000) vcan0 100#2823000002007078
(56.800000) vcan0 101#F6180000282338DD
(56.800000) vcan0 200#6A1878000E02383C
(56.800000) vcan0 201#88130000000038A0
(56.800000) vcan0 300#000003F000001CEC
(56.850000) vcan0 100#2823000002007179
(56.900000) vcan0 100#282300000200727A
(56.900000) vcan0 101#0F19000028233924
(56.900000) vcan0 200#6A1878000E02393D
(56.900000) vcan0 201#88130000000039A1
(56.950000) vcan0 100#282300000200737B
(57.000000) vcan0 100#282300000200747C
(57.000000) vcan0 101#2819000028233A00
(57.000000) vcan0 200#6A1878000E023A3E
(57.000000) vcan0 201#8813000000003AA2
(57.000000) vcan0 300#000003F000001DED
(57.000000) vcan0 400#2E1D90010C2BE465
(57.000000) vcan0 500#CD008C00012A721D
(57.000000) vcan0 600#3A02000000003907
(57.050000) vcan0 100#282300000200757D
(57.100000) vcan0 100#282300000200767E
(57.100000) vcan0 101#4119000028233B68
(57.100000) vcan0 200#6A1878000E023B3F
(57.100000) vcan0 201#8813000000003BA3
(57.150000) vcan0 100#282300000200777F
(57.200000) vcan0 100#2823000002007870
(57.200000) vcan0 101#5A19000028233C74
(57.200000) vcan0 200#6A1878000E023C38
(57.200000) vcan0 201#8813000000003CA4
(57.200000) vcan0 300#000003F000001EEE
(57.250000) vcan0 100#2823000002007971
(57.250000) vcan0 400#2E1D90010C2BE564
(57.300000) vcan0 100#2823000002007A72
(57.300000) vcan0 101#7319000028233D5C
(57.300000) vcan0 200#6A1878000D023D3A
(57.300000) vcan0 201#8813000000003DA5
(57.350000) vcan0 100#2823000002007B73
(57.400000) vcan0 100#2823000002007C74
(57.400000) vcan0 101#8C19000028233EA0
(57.400000) vcan0 200#6A1878000D023E39
(57.400000) vcan0 201#8813000000003EA6
(57.400000) vcan0 300#000003F000001FEF
(57.450000) vcan0 100#2823000002007D75
(57.500000) vcan0 100#2823000002007E76
(57.500000) vcan0 101#A519000028233F88
(57.500000) vcan0 200#6A1878000D023F38
(57.500000) vcan0 201#8813000000003FA7
(57.500000) vcan0 400#2E1D90010C2BE667
(57.500000) vcan0 500#CD008C00012A731C
(57.550000) vcan0 100#2823000002007F77
(57.600000) vcan0 100#2823000002008088
(57.600000) vcan0 101#BE190000282340EC
(57.600000) vcan0 200#6A1878000D024047
(57.600000) vcan0 201#88130000000040D8
(57.600000) vcan0 300#000003F0000020D0
(57.650000) vcan0 100#2823000002008189
(57.700000) vcan0 100#282300000200828A
(57.700000) vcan0 101#D719000028234184
(57.700000) vcan0 200#6A1878000D024146
(57.700000) vcan0 201#88130000000041D9
(57.750000) vcan0 100#282300000200838B
(57.750000) vcan0 400#2E1D90010C2BE766
(57.800000) vcan0 100#282300000200848C
(57.800000) vcan0 101#F0190000282342A0
(57.800000) vcan0 200#6A1878000D024245
(57.800000) vcan0 201#88130000000042DA
(57.800000) vcan0 300#000003F0000021D1
(57.850000) vcan0 100#282300000200858D
(57.900000) vcan0 100#282300000200868E
(57.900000) vcan0 101#091A00002823435B
(57.900000) vcan0 200#6A1878000D024344
(57.900000) vcan0 201#88130000000043DB
(57.950000) vcan0 100#282300000200878F
(58.000000) vcan0 100#2823000002008880
(58.000000) vcan0 101#221A000028234477
(58.000000) vcan0 200#6A1878000D024443
(58.000000) vcan0 201#88130000000044DC
(58.000000) vcan0 300#000003F0000022D2
(58.000000) vcan0 400#2E1D90010C2BE869
(58.000000) vcan0 500#CD008C00012A741B
(58.000000) vcan0 600#4402000000003A7A
(58.050000) vcan0 100#2823000002008981
(58.100000) vcan0 100#2823000002008A82
(58.100000) vcan0 101#3B1A00002823456F
(58.100000) vcan0 200#6A1878000D024542
(58.100000) vcan0 201#88130000000045DD
(58.150000) vcan0 100#2823000002008B83
(58.200000) vcan0 100#2823000002008C84
(58.200000) vcan0 101#541A000028234603
(58.200000) vcan0 200#6A1878000C024640
(58.200000) vcan0 201#88130000000046DE
(58.200000) vcan0 300#000003F0000023D3
(58.250000) vcan0 100#2823000002008D85
(58.250000) vcan0 400#2F1D90010C2BE969
(58.300000) vcan0 100#2823000002008E86
(58.300000) vcan0 101#6D1A00002823473B
(58.300000) vcan0 200#6A1878000C024741
(58.300000) vcan0 201#88130000000047DF
(58.350000) vcan0 100#2823000002008F87
(58.400000) vcan0 100#2823000002009098
(58.400000) vcan0 101#861A0000282348DF
(58.400000) vcan0 200#6A1878000C02484E
(58.400000) vcan0 201#88130000000048D0
(58.400000) vcan0 300#000003F0000024D4
(58.450000) vcan0 100#2823000002009199
(58.500000) vcan0 100#282300000200929A
(58.500000) vcan0 101#9F1A0000282349C7
(58.500000) vcan0 200#6A1878000C02494F
(58.500000) vcan0 201#88130000000049D1
(58.500000) vcan0 400#2F1D90010C2BEA6A
(58.500000) vcan0 500#CD008C00012A751A
(58.550000) vcan0 100#282300000200939B
(58.600000) vcan0 100#282300000200949C
(58.600000) vcan0 101#B81A000028234AE3
(58.600000) vcan0 200#6A1878000C024A4C
(58.600000) vcan0 201#8813000000004AD2
(58.600000) vcan0 300#000003F0000025D5
(58.650000) vcan0 100#282300000200959D
(58.700000) vcan0 100#282300000200969E
(58.700000) vcan0 101#D11A000028234B8B
(58.700000) vcan0 200#6A1878000C024B4D
(58.700000) vcan0 201#8813000000004BD3
(58.750000) vcan0 100#282300000200979F
(58.750000) vcan0 400#301D90010C2BEB74
(58.800000) vcan0 100#2823000002009890
(58.800000) vcan0 101#EA1A000028234CB7
(58.800000) vcan0 200#6A1878000C024C4A
(58.800000) vcan0 201#8813000000004CD4
(58.800000) vcan0 300#000003F0000026D6
(58.850000) vcan0 100#2823000002009991
(58.900000) vcan0 100#2823000002009A92
(58.900000) vcan0 101#031B000028234D5E
(58.900000) vcan0 200#6A1878000C024D4B
(58.900000) vcan0 201#8813000000004DD5
(58.950000) vcan0 100#2823000002009B93
(59.000000) vcan0 100#2823000002009C94
(59.000000) vcan0 101#1C1B000028234E42
(59.000000) vcan0 200#6A1878000C024E48
(59.000000) vcan0 201#8813000000004ED6
(59.000000) vcan0 300#000003F0000027D7
(59.000000) vcan0 400#311D90010C2BEC72
(59.000000) vcan0 500#CD008C00012A7619
(59.000000) vcan0 600#4E02000000003B71
(59.050000) vcan0 100#2823000002009D95
(59.100000) vcan0 100#2823000002009E96
(59.100000) vcan0 101#351B000028234F6A
(59.100000) vcan0 200#6A1878000C024F49
(59.100000) vcan0 201#8813000000004FD7
(59.150000) vcan0 100#2823000002009F97
(59.200000) vcan0 100#282300000200A0A8
(59.200000) vcan0 101#4E1B00002823500E
(59.200000) vcan0 200#6A1878000B025051
(59.200000) vcan0 201#88130000000050C8
(59.200000) vcan0 300#000003F0000028D8
(59.250000) vcan0 100#282300000200A1A9
(59.250000) vcan0 400#321D90010C2BED70
(59.300000) vcan0 100#282300000200A2AA
(59.300000) vcan0 101#671B000028235126
(59.300000) vcan0 200#6A1878000B025150
(59.300000) vcan0 201#88130000000051C9
(59.350000) vcan0 100#282300000200A3AB
(59.400000) vcan0 100#282300000200A4AC
(59.400000) vcan0 101#801B0000282352C2
(59.400000) vcan0 200#6A1878000B025253
(59.400000) vcan0 201#88130000000052CA
(59.400000) vcan0 300#000003F0000029D9
(59.450000) vcan0 100#282300000200A5AD
(59.500000) vcan0 100#282300000200A6AE
(59.500000) vcan0 101#991B0000282353DA
(59.500000) vcan0 200#6A1878000B025352
(59.500000) vcan0 201#88130000000053CB
(59.500000) vcan0 400#331D90010C2BEE72
(59.500000) vcan0 500#CD008C00012A7718
(59.550000) vcan0 100#282300000200A7AF
(59.600000) vcan0 100#282300000200A8A0
(59.600000) vcan0 101#B21B0000282354F6
(59.600000) vcan0 200#6A1878000B025455
(59.600000) vcan0 201#88130000000054CC
(59.600000) vcan0 300#000003F000002ADA
(59.650000) vcan0 100#282300000200A9A1
(59.700000) vcan0 100#282300000200AAA2
(59.700000) vcan0 101#CB1B00002823558E
(59.700000) vcan0 200#6A1878000B025554
(59.700000) vcan0 201#88130000000055CD
(59.750000) vcan0 100#282300000200ABA3
(59.750000) vcan0 400#341D90010C2BEF74
(59.800000) vcan0 100#282300000200ACA4
(59.800000) vcan0 101#E41B0000282356A2
(59.800000) vcan0 200#6A1878000B025657
(59.800000) vcan0 201#88130000000056CE
(59.800000) vcan0 300#000003F000002BDB
(59.850000) vcan0 100#282300000200ADA5
(59.900000) vcan0 100#282300000200AEA6
(59.900000) vcan0 101#FD1B0000282357BA
(59.900000) vcan0 200#6A1878000B025756
(59.900000) vcan0 201#88130000000057CF
(59.950000) vcan0 100#282300000200AFA7
(60.000000) vcan0 100#282300000200B0B8
(60.000000) vcan0 101#161C000028235859
(60.000000) vcan0 200#6A1878000B025859
(60.000000) vcan0 201#88130000000058C0
(60.000000) vcan0 300#000003F000002CDC
(60.000000) vcan0 400#351D90010C2BF06A
(60.000000) vcan0 500#CD008C00012A7817
(60.000000) vcan0 600#5802000000003C60
(60.050000) vcan0 100#282300000200B1B9
(60.100000) vcan0 100#282300000200B2BA
(60.100000) vcan0 101#2F1C000028235961
(60.100000) vcan0 200#6A1878000B025958
(60.100000) vcan0 201#88130000000059C1
(60.150000) vcan0 100#282300000200B3BB
(60.200000) vcan0 100#282300000200B4BC
(60.200000) vcan0 101#481C000028235A05
(60.200000) vcan0 200#6A1878000B025A5B
(60.200000) vcan0 201#8813000000005AC2
(60.200000) vcan0 300#000003F000002DDD
(60.250000) vcan0 100#282300000200B5BD
(60.250000) vcan0 400#371D90010C2BF169
(60.300000) vcan0 100#282300000200B6BE
(60.300000) vcan0 101#611C000028235B2D
(60.300000) vcan0 200#6A1878000A025B5B
(60.300000) vcan0 201#8813000000005BC3
(60.350000) vcan0 100#282300000200B7BF
(60.400000) vcan0 100#282300000200B8B0
(60.400000) vcan0 101#7A1C000028235C31
(60.400000) vcan0 200#6A1878000A025C5C
(60.400000) vcan0 201#8813000000005CC4
(60.400000) vcan0 300#000003F000002EDE
(60.450000) vcan0 100#282300000200B9B1
(60.500000) vcan0 100#282300000200BAB2
(60.500000) vcan0 101#931C000028235DD9
(60.500000) vcan0 200#6A1878000A025D5D
(60.500000) vcan0 201#8813000000005DC5
(60.500000) vcan0 400#391D90010C2BF264
(60.500000) vcan0 500#CD008C00012A7916
(60.550000) vcan0 100#282300000200BBB3
(60.600000) vcan0 100#282300000200BCB4
(60.600000) vcan0 101#AC1C000028235EE5
(60.600000) vcan0 200#6A1878000A025E5E
(60.600000) vcan0 201#8813000000005EC6
(60.600000) vcan0 300#000003F000002FDF
(60.650000) vcan0 100#282300000200BDB5
(60.700000) vcan0 100#282300000200BEB6
(60.700000) vcan0 101#C51C000028235F8D
(60.700000) vcan0 200#6A1878000A025F5F
(60.700000) vcan0 201#8813000000005FC7
(60.750000) vcan0 100#282300000200BFB7
(60.750000) vcan0 400#3A1D90010C2BF366
(60.800000) vcan0 100#282300000200C0C8
(60.800000) vcan0 101#DE1C0000282360A9
(60.800000) vcan0 200#6A1878000A026060
(60.800000) vcan0 201#88130000000060F8
(60.800000) vcan0 300#000003F0000030C0
(60.850000) vcan0 100#282300000200C1C9
(60.900000) vcan0 100#282300000200C2CA
(60.900000) vcan0 101#F71C000028236181
(60.900000) vcan0 200#6A1878000A026161
(60.900000) vcan0 201#88130000000061F9
(60.950000) vcan0 100#282300000200C3CB
(61.000000) vcan0 100#282300000200C4CC
(61.000000) vcan0 101#101D000028236264
(61.000000) vcan0 200#6A1878000A026262
(61.000000) vcan0 201#88130000000062FA
(61.000000) vcan0 300#000003F0000031C1
(61.000000) vcan0 400#3C1D90010C2BF467
(61.000000) vcan0 500#CD008C00012A7A15
(61.000000) vcan0 600#6202000000003D5B
(61.050000) vcan0 100#282300000200C5CD
(61.100000) vcan0 100#282300000200C6CE
(61.100000) vcan0 101#291D00002823635C
(61.100000) vcan0 200#6A1878000A026363
(61.100000) vcan0 201#88130000000063FB
(61.150000) vcan0 100#282300000200C7CF
(61.200000) vcan0 100#282300000200C8C0
(61.200000) vcan0 101#421D000028236430
(61.200000) vcan0 200#6A1878000A026464
(61.200000) vcan0 201#88130000000064FC
(61.200000) vcan0 300#000003F0000032C2
(61.250000) vcan0 100#282300000200C9C1
(61.250000) vcan0 400#3E1D90010C2BF564
(61.300000) vcan0 100#282300000200CAC2
(61.300000) vcan0 101#5B1D000028236528
(61.300000) vcan0 200#6A18780009026566
(61.300000) vcan0 201#88130000000065FD
(61.350000) vcan0 100#282300000200CBC3
(61.400000) vcan0 100#282300000200CCC4
(61.400000) vcan0 101#741D000028236604
(61.400000) vcan0 200#6A18780009026665
(61.400000) vcan0 201#88130000000066FE
(61.400000) vcan0 300#000003F0000033C3
(61.450000) vcan0 100#282300000200CDC5
(61.500000) vcan0 100#282300000200CEC6
(61.500000) vcan0 101#8D1D0000282367FC
(61.500000) vcan0 200#6A18780009026764
(61.500000) vcan0 201#88130000000067FF
(61.500000) vcan0 400#401D90010C2BF619
(61.500000) vcan0 500#CD008C00012A7B14
(61.550000) vcan0 100#282300000200CFC7
(61.600000) vcan0 100#282300000200D0D8
(61.600000) vcan0 101#A61D0000282368D8
(61.600000) vcan0 200#6A1878000902686B
(61.600000) vcan0 201#88130000000068F0
(61.600000) vcan0 300#000003F0000034C4
(61.650000) vcan0 100#282300000200D1D9
(61.700000) vcan0 100#282300000200D2DA
(61.700000) vcan0 101#BF1D0000282369C0
(61.700000) vcan0 200#6A1878000902696A
(61.700000) vcan0 201#88130000000069F1
(61.750000) vcan0 100#282300000200D3DB
(61.750000) vcan0 400#421D90010C2BF71A
(61.800000) vcan0 100#282300000200D4DC
(61.800000) vcan0 101#D81D000028236AA4
(61.800000) vcan0 200#6A18780009026A69
(61.800000) vcan0 201#8813000000006AF2
(61.800000) vcan0 300#000003F0000035C5
(61.850000) vcan0 100#282300000200D5DD
(61.900000) vcan0 100#282300000200D6DE
(61.900000) vcan0 101#F11D000028236B8C
(61.900000) vcan0 200#6A18780009026B68
(61.900000) vcan0 201#8813000000006BF3
(61.950000) vcan0 100#282300000200D7DF
(62.000000) vcan0 100#282300000200D8D0
(62.000000) vcan0 101#0A1E000028236C73
(62.000000) vcan0 200#6A18780009026C6F
(62.000000) vcan0 201#8813000000006CF4
(62.000000) vcan0 300#000003F0000036C6
(62.000000) vcan0 400#451D90010C2BF812
(62.000000) vcan0 500#CD008C00012A7C13
(62.000000) vcan0 600#6C02000000003E56
(62.050000) vcan0 100#282300000200D9D1
(62.100000) vcan0 100#282300000200DAD2
(62.100000) vcan0 101#231E000028236D5B
(62.100000) vcan0 200#6A18780009026D6E
(62.100000) vcan0 201#8813000000006DF5
(62.150000) vcan0 100#282300000200DBD3
(62.200000) vcan0 100#282300000200DCD4
(62.200000) vcan0 101#3C1E000028236E47
(62.200000) vcan0 200#6A18780009026E6D
(62.200000) vcan0 201#8813000000006EF6
(62.200000) vcan0 300#000003F0000037C7
(62.250000) vcan0 100#282300000200DDD5
(62.250000) vcan0 400#471D90010C2BF911
(62.300000) vcan0 100#282300000200DED6
(62.300000) vcan0 101#551E000028236F2F
(62.300000) vcan0 200#6A18780008026F6D
(62.300000) vcan0 201#8813000000006FF7
(62.350000) vcan0 100#282300000200DFD7
(62.400000) vcan0 100#282300000200E0E8
(62.400000) vcan0 101#6E1E00002823700B
(62.400000) vcan0 200#6A18780008027072
(62.400000) vcan0 201#88130000000070E8
(62.400000) vcan0 300#000003F0000038C8
(62.450000) vcan0 100#282300000200E1E9
(62.500000) vcan0 100#282300000200E2EA
(62.500000) vcan0 101#871E0000282371E3
(62.500000) vcan0 200#6A18780008027173
(62.500000) vcan0 201#88130000000071E9
(62.500000) vcan0 400#491D90010C2BFA1C
(62.500000) vcan0 500#CD008C00012A7D12
(62.550000) vcan0 100#282300000200E3EB
(62.600000) vcan0 100#282300000200E4EC
(62.600000) vcan0 101#A01E0000282372C7
(62.600000) vcan0 200#6A18780008027270
(62.600000) vcan0 201#88130000000072EA
(62.600000) vcan0 300#000003F0000039C9
(62.650000) vcan0 100#282300000200E5ED
(62.700000) vcan0 100#282300000200E6EE
(62.700000) vcan0 101#B91E0000282373DF
(62.700000) vcan0 200#6A18780008027371
(62.700000) vcan0 201#88130000000073EB
(62.750000) vcan0 100#282300000200E7EF
(62.750000) vcan0 400#4B1D90010C2BFB1F
(62.800000) vcan0 100#282300000200E8E0
(62.800000) vcan0 101#D21E0000282374B3
(62.800000) vcan0 200#6A18780008027476
(62.800000) vcan0 201#88130000000074EC
(62.800000) vcan0 300#000003F000003ACA
(62.850000) vcan0 100#282300000200E9E1
(62.900000) vcan0 100#282300000200EAE2
(62.900000) vcan0 101#EB1E00002823758B
(62.900000) vcan0 200#6A18780008027577
(62.900000) vcan0 201#88130000000075ED
(62.950000) vcan0 100#282300000200EBE3
(63.000000) vcan0 100#282300000200ECE4
(63.000000) vcan0 101#041F000028237666
(63.000000) vcan0 200#6A18780008027674
(63.000000) vcan0 201#88130000000076EE
(63.000000) vcan0 300#000003F000003BCB
(63.000000) vcan0 400#4E1D90010C2BFC1D
(63.000000) vcan0 500#CD008C00012A7E11
(63.000000) vcan0 600#7602000000003F4D
(63.050000) vcan0 100#282300000200EDE5
(63.100000) vcan0 100#282300000200EEE6
(63.100000) vcan0 101#1D1F00002823777E
(63.100000) vcan0 200#6A18780008027775
(63.100000) vcan0 201#88130000000077EF
(63.150000) vcan0 100#282300000200EFE7
(63.200000) vcan0 100#282300000200F0F8
(63.200000) vcan0 101#361F00002823785A
(63.200000) vcan0 200#6A1878000802787A
(63.200000) vcan0 201#88130000000078E0
(63.200000) vcan0 300#000003F000003CCC
(63.250000) vcan0 100#282300000200F1F9
(63.250000) vcan0 400#501D90010C2BFD02
(63.300000) vcan0 100#282300000200F2FA
(63.300000) vcan0 101#4F1F000028237922
(63.300000) vcan0 200#6A1878000802797B
(63.300000) vcan0 201#88130000000079E1
(63.350000) vcan0 100#282300000200F3FB
(63.400000) vcan0 100#282300000200F4FC
(63.400000) vcan0 101#681F000028237A06
(63.400000) vcan0 200#6A18780007027A77
(63.400000) vcan0 201#8813000000007AE2
(63.400000) vcan0 300#000003F000003DCD
(63.450000) vcan0 100#282300000200F5FD
(63.500000) vcan0 100#282300000200F6FE
(63.500000) vcan0 101#811F000028237BEE
(63.500000) vcan0 200#6A18780007027B76
(63.500000) vcan0 201#8813000000007BE3
(63.500000) vcan0 400#521D90010C2BFE03
(63.500000) vcan0 500#CD008C00012A7F10
(63.550000) vcan0 100#282300000200F7FF
(63.600000) vcan0 100#282300000200F8F0
(63.600000) vcan0 101#9A1F000028237CF2
(63.600000) vcan0 200#6A18780007027C71
(63.600000) vcan0 201#8813000000007CE4
(63.600000) vcan0 300#000003F000003ECE
(63.650000) vcan0 100#282300000200F9F1
(63.700000) vcan0 100#282300000200FAF2
(63.700000) vcan0 101#B31F000028237DDA
(63.700000) vcan0 200#6A18780007027D70
(63.700000) vcan0 201#8813000000007DE5
(63.750000) vcan0 100#282300000200FBF3
(63.750000) vcan0 400#541D90010C2BFF04
(63.800000) vcan0 100#282300000200FCF4
(63.800000) vcan0 101#CC1F000028237EA6
(63.800000) vcan0 200#6A18780007027E73
(63.800000) vcan0 201#8813000000007EE6
(63.800000) vcan0 300#000003F000003FCF
(63.850000) vcan0 100#282300000200FDF5
(63.900000) vcan0 100#282300000200FEF6
(63.900000) vcan0 101#E51F000028237F8E
(63.900000) vcan0 200#6A18780007027F72
(63.900000) vcan0 201#8813000000007FE7
(63.950000) vcan0 100#282300000200FFF7
(64.000000) vcan0 100#2823000002000008
(64.000000) vcan0 101#FE1F00002823806A
(64.000000) vcan0 200#6A1878000702808D
(64.000000) vcan0 201#8813000000008018
(64.000000) vcan0 300#000003F0000040B0
(64.000000) vcan0 400#561D90010C2B00F9
(64.000000) vcan0 500#CD008C00012A80EF
(64.000000) vcan0 600#80020000000040C4
(64.050000) vcan0 100#2823000002000109
(64.100000) vcan0 100#282300000200020A
(64.100000) vcan0 101#17200000282381BD
(64.100000) vcan0 200#6A1878000702818C
(64.100000) vcan0 201#8813000000008119
(64.150000) vcan0 100#282300000200030B
(64.200000) vcan0 100#282300000200040C
(64.200000) vcan0 101#3020000028238299
(64.200000) vcan0 200#6A1878000702828F
(64.200000) vcan0 201#881300000000821A
(64.200000) vcan0 300#000003F0000041B1
(64.250000) vcan0 100#282300000200050D
(64.250000) vcan0 400#581D90010C2B01F6
(64.300000) vcan0 100#282300000200060E
(64.300000) vcan0 101#49200000282383E1
(64.300000) vcan0 200#6A1878000702838E
(64.300000) vcan0 201#881300000000831B
(64.350000) vcan0 100#282300000200070F
(64.400000) vcan0 100#2823000002000800
(64.400000) vcan0 101#62200000282384CD
(64.400000) vcan0 200#6A18780006028488
(64.400000) vcan0 201#881300000000841C
(64.400000) vcan0 300#000003F0000042B2
(64.450000) vcan0 100#2823000002000901
(64.500000) vcan0 100#2823000002000A02
(64.500000) vcan0 101#7B200000282385D5
(64.500000) vcan0 200#6A18780006028589
(64.500000) vcan0 201#881300000000851D
(64.500000) vcan0 400#5A1D90010C2B02F7
(64.500000) vcan0 500#CD008C00012A81EE
(64.550000) vcan0 100#2823000002000B03
(64.600000) vcan0 100#2823000002000C04
(64.600000) vcan0 101#9420000028238639
(64.600000) vcan0 200#6A1878000602868A
(64.600000) vcan0 201#881300000000861E
(64.600000) vcan0 300#000003F0000043B3
(64.650000) vcan0 100#2823000002000D05
(64.700000) vcan0 100#2823000002000E06
(64.700000) vcan0 101#AD20000028238701
(64.700000) vcan0 200#6A1878000602878B
(64.700000) vcan0 201#881300000000871F
(64.750000) vcan0 100#2823000002000F07
(64.750000) vcan0 400#5C1D90010C2B03F0
(64.800000) vcan0 100#2823000002001018
(64.800000) vcan0 101#C620000028238865
(64.800000) vcan0 200#6A18780006028884
(64.800000) vcan0 201#8813000000008810
(64.800000) vcan0 300#000003F0000044B4
(64.850000) vcan0 100#2823000002001119
(64.900000) vcan0 100#282300000200121A
(64.900000) vcan0 101#DF2000002823897D
(64.900000) vcan0 200#6A18780006028985
(64.900000) vcan0 201#8813000000008911
(64.950000) vcan0 100#282300000200131B
(65.000000) vcan0 100#282300000200141C
(65.000000) vcan0 101#F820000028238A59
(65.000000) vcan0 200#6A18780006028A86
(65.000000) vcan0 201#8813000000008A12
(65.000000) vcan0 300#000003F0000045B5
(65.000000) vcan0 400#5E1D90010C2B04F5
(65.000000) vcan0 500#CD008C00012A82ED
(65.000000) vcan0 600#8A020000000041CF
(65.050000) vcan0 100#282300000200151D
(65.100000) vcan0 100#282300000200161E
(65.100000) vcan0 101#1121000028238BB0
(65.100000) vcan0 200#6A18780006028B87
(65.100000) vcan0 201#8813000000008B13
(65.150000) vcan0 100#282300000200171F
(65.200000) vcan0 100#2823000002001810
(65.200000) vcan0 101#2A21000028238C8C
(65.200000) vcan0 200#6A18780006028C80
(65.200000) vcan0 201#8813000000008C14
(65.200000) vcan0 300#000003F0000046B6
(65.250000) vcan0 100#2823000002001911
(65.250000) vcan0 400#601D90010C2B05CA
(65.300000) vcan0 100#2823000002001A12
(65.300000) vcan0 101#4321000028238DE4
(65.300000) vcan0 200#6A18780006028D81
(65.300000) vcan0 201#8813000000008D15
(65.350000) vcan0 100#2823000002001B13
(65.400000) vcan0 100#2823000002001C14
(65.400000) vcan0 101#5C21000028238EF8
(65.400000) vcan0 200#6A18780006028E82
(65.400000) vcan0 201#8813000000008E16
(65.400000) vcan0 300#000003F0000047B7
(65.450000) vcan0 100#2823000002001D15
(65.500000) vcan0 100#2823000002001E16
(65.500000) vcan0 101#7521000028238FD0
(65.500000) vcan0 200#6A18780005028F80
(65.500000) vcan0 201#8813000000008F17
(65.500000) vcan0 400#621D90010C2B06CB
(65.500000) vcan0 500#CD008C00012A83EC
(65.550000) vcan0 100#2823000002001F17
(65.600000) vcan0 100#2823000002002028
(65.600000) vcan0 101#8E21000028239034
(65.600000) vcan0 200#6A1878000502909F
(65.600000) vcan0 201#8813000000009008
(65.600000) vcan0 300#000003F0000048B8
(65.650000) vcan0 100#2823000002002129
(65.700000) vcan0 100#282300000200222A
(65.700000) vcan0 101#A72100002823911C
(65.700000) vcan0 200#6A1878000502919E
(65.700000) vcan0 201#8813000000009109
(65.750000) vcan0 100#282300000200232B
(65.750000) vcan0 400#631D90010C2B07CB
(65.800000) vcan0 100#282300000200242C
(65.800000) vcan0 101#C021000028239278
(65.800000) vcan0 200#6A1878000502929D
(65.800000) vcan0 201#881300000000920A
(65.800000) vcan0 300#000003F0000049B9
(65.850000) vcan0 100#282300000200252D
(65.900000) vcan0 100#282300000200262E
(65.900000) vcan0 101#D921000028239360
(65.900000) vcan0 200#6A1878000502939C
(65.900000) vcan0 201#881300000000930B
(65.950000) vcan0 100#282300000200272F
(66.000000) vcan0 100#2823000002002820
(66.000000) vcan0 101#F22100002823944C
(66.000000) vcan0 200#6A1878000502949B
(66.000000) vcan0 201#881300000000940C
(66.000000) vcan0 300#000003F000004ABA
(66.000000) vcan0 400#641D90010C2B08C3
(66.000000) vcan0 500#CD008C00012A84EB
(66.000000) vcan0 600#94020000000042D2
(66.050000) vcan0 100#2823000002002921
(66.100000) vcan0 100#2823000002002A22
(66.100000) vcan0 101#0B220000282395B7
(66.100000) vcan0 200#6A1878000502959A
(66.100000) vcan0 201#881300000000950D
(66.150000) vcan0 100#2823000002002B23
(66.200000) vcan0 100#2823000002002C24
(66.200000) vcan0 101#242200002823969B
(66.200000) vcan0 200#6A18780005029699
(66.200000) vcan0 201#881300000000960E
(66.200000) vcan0 300#000003F000004BBB
(66.250000) vcan0 100#2823000002002D25
(66.250000) vcan0 400#661D90010C2B09C0
(66.300000) vcan0 100#2823000002002E26
(66.300000) vcan0 101#3D22000028239783
(66.300000) vcan0 200#6A18780005029798
(66.300000) vcan0 201#881300000000970F
(66.350000) vcan0 100#2823000002002F27
(66.400000) vcan0 100#2823000002003038
(66.400000) vcan0 101#56220000282398E7
(66.400000) vcan0 200#6A18780005029897
(66.400000) vcan0 201#8813000000009800
(66.400000) vcan0 300#000003F000004CBC
(66.450000) vcan0 100#2823000002003139
(66.500000) vcan0 100#282300000200323A
(66.500000) vcan0 101#6F220000282399DF
(66.500000) vcan0 200#6A18780005029996
(66.500000) vcan0 201#8813000000009901
(66.500000) vcan0 400#671D90010C2B0AC2
(66.500000) vcan0 500#CD008C00012A85EA
(66.550000) vcan0 100#282300000200333B
(66.600000) vcan0 100#282300000200343C
(66.600000) vcan0 101#8822000028239A3B
(66.600000) vcan0 200#6A18780004029A94
(66.600000) vcan0 201#8813000000009A02
(66.600000) vcan0 300#000003F000004DBD
(66.650000) vcan0 100#282300000200353D
(66.700000) vcan0 100#282300000200363E
(66.700000) vcan0 101#A122000028239B13
(66.700000) vcan0 200#6A18780004029B95
(66.700000) vcan0 201#8813000000009B03
(66.750000) vcan0 100#282300000200373F
(66.750000) vcan0 400#681D90010C2B0BCC
(66.800000) vcan0 100#2823000002003830
(66.800000) vcan0 101#BA22000028239C0F
(66.800000) vcan0 200#6A18780004029C92
(66.800000) vcan0 201#8813000000009C04
(66.800000) vcan0 300#000003F000004EBE
(66.850000) vcan0 100#2823000002003931
(66.900000) vcan0 100#2823000002003A32
(66.900000) vcan0 101#D322000028239D67
(66.900000) vcan0 200#6A18780004029D93
(66.900000) vcan0 201#8813000000009D05
(66.950000) vcan0 100#2823000002003B33
(67.000000) vcan0 100#2823000002003C34
(67.000000) vcan0 101#EC22000028239E5B
(67.000000) vcan0 200#6A18780004029E90
(67.000000) vcan0 201#8813000000009E06
(67.000000) vcan0 300#000003F000004FBF
(67.000000) vcan0 400#681D90010C2B0CCB
(67.000000) vcan0 500#CD008C00012A86E9
(67.000000) vcan0 600#9E020000000043D9
(67.050000) vcan0 100#2823000002003D35
(67.100000) vcan0 100#2823000002003E36
(67.100000) vcan0 101#0523000028239FB2
(67.100000) vcan0 200#6A18780004029F91
(67.100000) vcan0 201#8813000000009F07
(67.150000) vcan0 100#2823000002003F37
(67.200000) vcan0 100#2823000002004048
(67.200000) vcan0 101#1E2300002823A096
(67.200000) vcan0 200#6A1878000402A0AE
(67.200000) vcan0 201#881300000000A038
(67.200000) vcan0 300#000003F0000050A0
(67.250000) vcan0 100#2823000002004149
(67.250000) vcan0 400#691D90010C2B0DCB
(67.300000) vcan0 100#282300000200424A
(67.300000) vcan0 101#372300002823A1BE
(67.300000) vcan0 200#6A1878000402A1AF
(67.300000) vcan0 201#881300000000A139
(67.350000) vcan0 100#282300000200434B
(67.400000) vcan0 100#282300000200444C
(67.400000) vcan0 101#502300002823A2DA
(67.400000) vcan0 200#6A1878000402A2AC
(67.400000) vcan0 201#881300000000A23A
(67.400000) vcan0 300#000003F0000051A1
(67.450000) vcan0 100#282300000200454D
(67.500000) vcan0 100#282300000200464E
(67.500000) vcan0 101#692300002823A3E2
(67.500000) vcan0 200#6A1878000402A3AD
(67.500000) vcan0 201#881300000000A33B
(67.500000) vcan0 400#6A1D90010C2B0ECB
(67.500000) vcan0 500#CD008C00012A87E8
(67.550000) vcan0 100#282300000200474F
(67.600000) vcan0 100#2823000002004840
(67.600000) vcan0 101#822300002823A40E
(67.600000) vcan0 200#6A1878000402A4AA
(67.600000) vcan0 201#881300000000A43C
(67.600000) vcan0 300#000003F0000052A2
(67.650000) vcan0 100#2823000002004941
(67.700000) vcan0 100#2823000002004A42
(67.700000) vcan0 101#9B2300002823A516
(67.700000) vcan0 200#6A1878000302A5AC
(67.700000) vcan0 201#881300000000A53D
(67.750000) vcan0 100#2823000002004B43
(67.750000) vcan0 400#6A1D90010C2B0FCA
(67.800000) vcan0 100#2823000002004C44
(67.800000) vcan0 101#B42300002823A63A
(67.800000) vcan0 200#6A1878000302A6AF
(67.800000) vcan0 201#881300000000A63E
(67.800000) vcan0 300#000003F0000053A3
(67.850000) vcan0 100#2823000002004D45
(67.900000) vcan0 100#2823000002004E46
(67.900000) vcan0 101#CD2300002823A742
(67.900000) vcan0 200#6A1878000302A7AE
(67.900000) vcan0 201#881300000000A73F
(67.950000) vcan0 100#2823000002004F47
(68.000000) vcan0 100#2823000002005058
(68.000000) vcan0 101#E62300002823A866
(68.000000) vcan0 200#6A1878000302A8A1
(68.000000) vcan0 201#881300000000A830
(68.000000) vcan0 300#000003F0000054A4
(68.000000) vcan0 400#6A1D90010C2B10D5
(68.000000) vcan0 500#CD008C00012A88E7
(68.000000) vcan0 600#A8020000000044E8
(68.050000) vcan0 100#2823000002005159
(68.100000) vcan0 100#282300000200525A
(68.100000) vcan0 101#FF2300002823A97E
(68.100000) vcan0 200#6A1878000302A9A0
(68.100000) vcan0 201#881300000000A931
(68.150000) vcan0 100#282300000200535B
(68.200000) vcan0 100#282300000200545C
(68.200000) vcan0 101#182400002823AA9D
(68.200000) vcan0 200#6A1878000302AAA3
(68.200000) vcan0 201#881300000000AA32
(68.200000) vcan0 300#000003F0000055A5
(68.250000) vcan0 100#282300000200555D
(68.250000) vcan0 400#6A1D90010C2B11D4
(68.300000) vcan0 100#282300000200565E
(68.300000) vcan0 101#312400002823ABB5
(68.300000) vcan0 200#6A1878000302ABA2
(68.300000) vcan0 201#881300000000AB33
(68.350000) vcan0 100#282300000200575F
(68.400000) vcan0 100#2823000002005850
(68.400000) vcan0 101#4A2400002823ACC9
(68.400000) vcan0 200#6A1878000302ACA5
(68.400000) vcan0 201#881300000000AC34
(68.400000) vcan0 300#000003F0000056A6
(68.450000) vcan0 100#2823000002005951
(68.500000) vcan0 100#2823000002005A52
(68.500000) vcan0 101#632400002823ADE1
(68.500000) vcan0 200#6A1878000302ADA4
(68.500000) vcan0 201#881300000000AD35
(68.500000) vcan0 400#6A1D90010C2B12D7
(68.500000) vcan0 500#CD008C00012A89E6
(68.550000) vcan0 100#2823000002005B53
(68.600000) vcan0 100#2823000002005C54
(68.600000) vcan0 101#7C2400002823AEFD
(68.600000) vcan0 200#6A1878000302AEA7
(68.600000) vcan0 201#881300000000AE36
(68.600000) vcan0 300#000003F0000057A7
(68.650000) vcan0 100#2823000002005D55
(68.700000) vcan0 100#2823000002005E56
(68.700000) vcan0 101#952400002823AF15
(68.700000) vcan0 200#6A1878000302AFA6
(68.700000) vcan0 201#881300000000AF37
(68.750000) vcan0 100#2823000002005F57
(68.750000) vcan0 400#691D90010C2B13D5
(68.800000) vcan0 100#2823000002006068
(68.800000) vcan0 101#AE2400002823B031
(68.800000) vcan0 200#6A1878000202B0B8
(68.800000) vcan0 201#881300000000B028
(68.800000) vcan0 300#000003F0000058A8
(68.850000) vcan0 100#2823000002006169
(68.900000) vcan0 100#282300000200626A
(68.900000) vcan0 101#C72400002823B159
(68.900000) vcan0 200#6A1878000202B1B9
(68.900000) vcan0 201#881300000000B129
(68.950000) vcan0 100#282300000200636B
(69.000000) vcan0 100#282300000200646C
(69.000000) vcan0 101#E02400002823B27D
(69.000000) vcan0 200#6A1878000202B2BA
(69.000000) vcan0 201#881300000000B22A
(69.000000) vcan0 300#000003F0000059A9
(69.000000) vcan0 400#691D90010C2B14D2
(69.000000) vcan0 500#CD008C00012A8AE5
(69.000000) vcan0 600#B2020000000045F3
(69.050000) vcan0 100#282300000200656D
(69.100000) vcan0 100#282300000200666E
(69.100000) vcan0 101#F92400002823B365
(69.100000) vcan0 200#6A1878000202B3BB
(69.100000) vcan0 201#881300000000B32B
(69.150000) vcan0 100#282300000200676F
(69.200000) vcan0 100#2823000002006860
(69.200000) vcan0 101#122500002823B488
(69.200000) vcan0 200#6A1878000202B4BC
(69.200000) vcan0 201#881300000000B42C
(69.200000) vcan0 300#000003F000005AAA
(69.250000) vcan0 100#2823000002006961
(69.250000) vcan0 400#681D90010C2B15D2
(69.300000) vcan0 100#2823000002006A62
(69.300000) vcan0 101#2B2500002823B5B0
(69.300000) vcan0 200#6A1878000202B5BD
(69.300000) vcan0 201#881300000000B52D
(69.350000) vcan0 100#2823000002006B63
(69.400000) vcan0 100#2823000002006C64
(69.400000) vcan0 101#442500002823B6DC
(69.400000) vcan0 200#6A1878000202B6BE
(69.400000) vcan0 201#881300000000B62E
(69.400000) vcan0 300#000003F000005BAB
(69.450000) vcan0 100#2823000002006D65
(69.500000) vcan0 100#2823000002006E66
(69.500000) vcan0 101#5D2500002823B7C4
(69.500000) vcan0 200#6A1878000202B7BF
(69.500000) vcan0 201#881300000000B72F
(69.500000) vcan0 400#671D90010C2B16DE
(69.500000) vcan0 500#CD008C00012A8BE4
(69.550000) vcan0 100#2823000002006F67
(69.600000) vcan0 100#2823000002007078
(69.600000) vcan0 101#762500002823B8E0
(69.600000) vcan0 200#6A1878000202B8B0
(69.600000) vcan0 201#881300000000B820
(69.600000) vcan0 300#000003F000005CAC
(69.650000) vcan0 100#2823000002007179
(69.700000) vcan0 100#282300000200727A
(69.700000) vcan0 101#8F2500002823B918
(69.700000) vcan0 200#6A1878000202B9B1
(69.700000) vcan0 201#881300000000B921
(69.750000) vcan0 100#282300000200737B
(69.750000) vcan0 400#661D90010C2B17DE
(69.800000) vcan0 100#282300000200747C
(69.800000) vcan0 101#A82500002823BA3C
(69.800000) vcan0 200#6A1878000202BAB2
(69.800000) vcan0 201#881300000000BA22
(69.800000) vcan0 300#000003F000005DAD
(69.850000) vcan0 100#282300000200757D
(69.900000) vcan0 100#282300000200767E
(69.900000) vcan0 101#C12500002823BB54
(69.900000) vcan0 200#6A1878000102BBB0
(69.900000) vcan0 201#881300000000BB23
(69.950000) vcan0 100#282300000200777F
(70.000000) vcan0 100#2823000002007870
(70.000000) vcan0 101#DA2500002823BC48
(70.000000) vcan0 200#6A1878000102BCB7
(70.000000) vcan0 201#881300000000BC24
(70.000000) vcan0 300#000003F000005EAE
(70.000000) vcan0 400#651D90010C2B18D2
(70.000000) vcan0 500#CD008C00012A8CE3
(70.000000) vcan0 600#BC020000000046FE
(70.050000) vcan0 100#2823000002007971
(70.100000) vcan0 100#2823000002007A72
(70.100000) vcan0 101#F32500002823BD60
(70.100000) vcan0 200#6A1878000102BDB6
(70.100000) vcan0 201#881300000000BD25
(70.150000) vcan0 100#2823000002007B73
(70.200000) vcan0 100#2823000002007C74
(70.200000) vcan0 101#0C2600002823BE9F
(70.200000) vcan0 200#6A1878000102BEB5
(70.200000) vcan0 201#881300000000BE26
(70.200000) vcan0 300#000003F000005FAF
(70.250000) vcan0 100#2823000002007D75
(70.250000) vcan0 400#641D90010C2B19D2
(70.300000) vcan0 100#2823000002007E76
(70.300000) vcan0 101#252600002823BFB7
(70.300000) vcan0 200#6A1878000102BFB4
(70.300000) vcan0 201#881300000000BF27
(70.350000) vcan0 100#2823000002007F77
(70.400000) vcan0 100#2823000002008088
(70.400000) vcan0 101#3E2600002823C0D3
(70.400000) vcan0 200#6A1878000102C0CB
(70.400000) vcan0 201#881300000000C058
(70.400000) vcan0 300#000003F000006090
(70.450000) vcan0 100#2823000002008189
(70.500000) vcan0 100#282300000200828A
(70.500000) vcan0 101#572600002823C1BB
(70.500000) vcan0 200#6A1878000102C1CA
(70.500000) vcan0 201#881300000000C159
(70.500000) vcan0 400#621D90010C2B1AD7
(70.500000) vcan0 500#CD008C00012A8DE2
(70.550000) vcan0 100#282300000200838B
(70.600000) vcan0 100#282300000200848C
(70.600000) vcan0 101#702600002823C29F
(70.600000) vcan0 200#6A1878000102C2C9
(70.600000) vcan0 201#881300000000C25A
(70.600000) vcan0 300#000003F000006191
(70.650000) vcan0 100#282300000200858D
(70.700000) vcan0 100#282300000200868E
(70.700000) vcan0 101#892600002823C367
(70.700000) vcan0 200#6A1878000102C3C8
(70.700000) vcan0 201#881300000000C35B
(70.750000) vcan0 100#282300000200878F
(70.750000) vcan0 400#611D90010C2B1BD5
(70.800000) vcan0 100#2823000002008880
(70.800000) vcan0 101#A22600002823C44B
(70.800000) vcan0 200#6A1878000102C4CF
(70.800000) vcan0 201#881300000000C45C
(70.800000) vcan0 300#000003F000006292
(70.850000) vcan0 100#2823000002008981
(70.900000) vcan0 100#2823000002008A82
(70.900000) vcan0 101#BB2600002823C553
(70.900000) vcan0 200#6A1878000102C5CE
(70.900000) vcan0 201#881300000000C55D
(70.950000) vcan0 100#2823000002008B83
(71.000000) vcan0 100#2823000002008C84
(71.000000) vcan0 101#D42600002823C63F
(71.000000) vcan0 200#6A1878000102C6CD
(71.000000) vcan0 201#881300000000C65E
(71.000000) vcan0 300#000003F000006393
(71.000000) vcan0 400#5F1D90010C2B1CEC
(71.000000) vcan0 500#CD008C00012A8EE1
(71.000000) vcan0 600#C602000000004785
(71.050000) vcan0 100#2823000002008D85
(71.100000) vcan0 100#2823000002008E86
(71.100000) vcan0 101#ED2600002823C707
(71.100000) vcan0 200#6A1878000002C7CD
(71.100000) vcan0 201#881300000000C75F
(71.150000) vcan0 100#2823000002008F87
(71.200000) vcan0 100#2823000002009098
(71.200000) vcan0 101#062700002823C8E2
(71.200000) vcan0 200#6A1878000002C8C2
(71.200000) vcan0 201#881300000000C850
(71.200000) vcan0 300#000003F000006494
(71.250000) vcan0 100#2823000002009199
(71.250000) vcan0 400#5D1D90010C2B1DEF
(71.300000) vcan0 100#282300000200929A
(71.300000) vcan0 101#1F2700002823C9FA
(71.300000) vcan0 200#6A1878000002C9C3
(71.300000) vcan0 201#881300000000C951
(71.350000) vcan0 100#282300000200939B
(71.400000) vcan0 100#282300000200949C
(71.400000) vcan0 101#382700002823CADE
(71.400000) vcan0 200#6A1878000002CAC0
(71.400000) vcan0 201#881300000000CA52
(71.400000) vcan0 300#000003F000006595
(71.450000) vcan0 100#282300000200959D
(71.500000) vcan0 100#282300000200969E
(71.500000) vcan0 101#512700002823CBB6
(71.500000) vcan0 200#6A1878000002CBC1
(71.500000) vcan0 201#881300000000CB53
(71.500000) vcan0 400#5B1D90010C2B1EEA
(71.500000) vcan0 500#CD008C00012A8FE0
(71.550000) vcan0 100#282300000200979F
(71.600000) vcan0 100#2823000002009890
(71.600000) vcan0 101#6A2700002823CC8A
(71.600000) vcan0 200#6A1878000002CCC6
(71.600000) vcan0 201#881300000000CC54
(71.600000) vcan0 300#000003F000006696
(71.650000) vcan0 100#2823000002009991
(71.700000) vcan0 100#2823000002009A92
(71.700000) vcan0 101#832700002823CD62
(71.700000) vcan0 200#6A1878000002CDC7
(71.700000) vcan0 201#881300000000CD55
(71.750000) vcan0 100#2823000002009B93
(71.750000) vcan0 400#591D90010C2B1FE9
(71.800000) vcan0 100#2823000002009C94
(71.800000) vcan0 101#9C2700002823CE7E
(71.800000) vcan0 200#6A1878000002CEC4
(71.800000) vcan0 201#881300000000CE56
(71.800000) vcan0 300#000003F000006797
(71.850000) vcan0 100#2823000002009D95
(71.900000) vcan0 100#2823000002009E96
(71.900000) vcan0 101#B52700002823CF56
(71.900000) vcan0 200#6A1878000002CFC5
(71.900000) vcan0 201#881300000000CF57
(71.950000) vcan0 100#2823000002009F97
(72.000000) vcan0 100#282300000200A0A8
(72.000000) vcan0 101#CE2700002823D032
(72.000000) vcan0 200#6A1878000002D0DA
(72.000000) vcan0 201#881300000000D048
(72.000000) vcan0 300#000003F000006898
(72.000000) vcan0 400#571D90010C2B20D8
(72.000000) vcan0 500#CD008C00012A90FF
(72.000000) vcan0 600#D00200000000489C
(72.050000) vcan0 100#282300000200A1A9
(72.100000) vcan0 100#282300000200A2AA
(72.100000) vcan0 101#E72700002823D11A
(72.100000) vcan0 200#6A1878000002D1DB
(72.100000) vcan0 201#881300000000D149
(72.150000) vcan0 100#282300000200A3AB
(72.200000) vcan0 100#282300000200A4AC
(72.200000) vcan0 101#002800002823D2F1
(72.200000) vcan0 200#6A187800FF01D224
(72.200000) vcan0 201#881300000000D24A
(72.200000) vcan0 300#000003F000006999
(72.250000) vcan0 100#282300000200A5AD
(72.250000) vcan0 400#551D90010C2B21DB
(72.300000) vcan0 100#282300000200A6AE
(72.300000) vcan0 101#192800002823D3E9
(72.300000) vcan0 200#6A187800FF01D325
(72.300000) vcan0 201#881300000000D34B
(72.350000) vcan0 100#282300000200A7AF
(72.400000) vcan0 100#282300000200A8A0
(72.400000) vcan0 101#322800002823D4C5
(72.400000) vcan0 200#6A187800FF01D422
(72.400000) vcan0 201#881300000000D44C
(72.400000) vcan0 300#000003F000006A9A
(72.450000) vcan0 100#282300000200A9A1
(72.500000) vcan0 100#282300000200AAA2
(72.500000) vcan0 101#4B2800002823D5BD
(72.500000) vcan0 200#6A187800FF01D523
(72.500000) vcan0 201#881300000000D54D
(72.500000) vcan0 400#531D90010C2B22DE
(72.500000) vcan0 500#CD008C00012A91FE
(72.550000) vcan0 100#282300000200ABA3
(72.600000) vcan0 100#282300000200ACA4
(72.600000) vcan0 101#642800002823D691
(72.600000) vcan0 200#6A187800FF01D620
(72.600000) vcan0 201#881300000000D64E
(72.600000) vcan0 300#000003F000006B9B
(72.650000) vcan0 100#282300000200ADA5
(72.700000) vcan0 100#282300000200AEA6
(72.700000) vcan0 101#7D2800002823D789
(72.700000) vcan0 200#6A187800FF01D721
(72.700000) vcan0 201#881300000000D74F
(72.750000) vcan0 100#282300000200AFA7
(72.750000) vcan0 400#511D90010C2B23DD
(72.800000) vcan0 100#282300000200B0B8
(72.800000) vcan0 101#962800002823D86D
(72.800000) vcan0 200#6A187800FF01D82E
(72.800000) vcan0 201#881300000000D840
(72.800000) vcan0 300#000003F000006C9C
(72.850000) vcan0 100#282300000200B1B9
(72.900000) vcan0 100#282300000200B2BA
(72.900000) vcan0 101#AF2800002823D955
(72.900000) vcan0 200#6A187800FF01D92F
(72.900000) vcan0 201#881300000000D941
(72.950000) vcan0 100#282300000200B3BB
(73.000000) vcan0 100#282300000200B4BC
(73.000000) vcan0 101#C82800002823DA31
(73.000000) vcan0 200#6A187800FF01DA2C
(73.000000) vcan0 201#881300000000DA42
(73.000000) vcan0 300#000003F000006D9D
(73.000000) vcan0 400#4F1D90010C2B24C4
(73.000000) vcan0 500#CD008C00012A92FD
(73.000000) vcan0 600#DA02000000004997
(73.050000) vcan0 100#282300000200B5BD
(73.100000) vcan0 100#282300000200B6BE
(73.100000) vcan0 101#E12800002823DB19
(73.100000) vcan0 200#6A187800FF01DB2D
(73.100000) vcan0 201#881300000000DB43
(73.150000) vcan0 100#282300000200B7BF
(73.200000) vcan0 100#282300000200B8B0
(73.200000) vcan0 101#FA2800002823DC05
(73.200000) vcan0 200#6A187800FF01DC2A
(73.200000) vcan0 201#881300000000DC44
(73.200000) vcan0 300#000003F000006E9E
(73.250000) vcan0 100#282300000200B9B1
(73.250000) vcan0 400#4C1D90010C2B25C6
(73.300000) vcan0 100#282300000200BAB2
(73.300000) vcan0 101#132900002823DDEC
(73.300000) vcan0 200#6A187800FF01DD2B
(73.300000) vcan0 201#881300000000DD45
(73.350000) vcan0 100#282300000200BBB3
(73.400000) vcan0 100#282300000200BCB4
(73.400000) vcan0 101#2C2900002823DED0
(73.400000) vcan0 200#6A187800FE01DE29
(73.400000) vcan0 201#881300000000DE46
(73.400000) vcan0 300#000003F000006F9F
(73.450000) vcan0 100#282300000200BDB5
(73.500000) vcan0 100#282300000200BEB6
(73.500000) vcan0 101#452900002823DFB8
(73.500000) vcan0 200#6A187800FE01DF28
(73.500000) vcan0 201#881300000000DF47
(73.500000) vcan0 400#4A1D90010C2B26C3
(73.500000) vcan0 500#CD008C00012A93FC
(73.550000) vcan0 100#282300000200BFB7
(73.600000) vcan0 100#282300000200C0C8
(73.600000) vcan0 101#5E2900002823E09C
(73.600000) vcan0 200#6A187800FE01E017
(73.600000) vcan0 201#881300000000E078
(73.600000) vcan0 300#000003F000007080
(73.650000) vcan0 100#282300000200C1C9
(73.700000) vcan0 100#282300000200C2CA
(73.700000) vcan0 101#772900002823E1B4
(73.700000) vcan0 200#6A187800FE01E116
(73.700000) vcan0 201#881300000000E179
(73.750000) vcan0 100#282300000200C3CB
(73.750000) vcan0 400#481D90010C2B27C0
(73.800000) vcan0 100#282300000200C4CC
(73.800000) vcan0 101#902900002823E250
(73.800000) vcan0 200#6A187800FE01E215
(73.800000) vcan0 201#881300000000E27A
(73.800000) vcan0 300#000003F000007181
(73.850000) vcan0 100#282300000200C5CD
(73.900000) vcan0 100#282300000200C6CE
(73.900000) vcan0 101#A92900002823E368
(73.900000) vcan0 200#6A187800FE01E314
(73.900000) vcan0 201#881300000000E37B
(73.950000) vcan0 100#282300000200C7CF
(74.000000) vcan0 100#282300000200C8C0
(74.000000) vcan0 101#C22900002823E404
(74.000000) vcan0 200#6A187800FE01E413
(74.000000) vcan0 201#881300000000E47C
(74.000000) vcan0 300#000003F000007282
(74.000000) vcan0 400#461D90010C2B28C1
(74.000000) vcan0 500#CD008C00012A94FB
(74.000000) vcan0 600#E402000000004AAA
(74.050000) vcan0 100#282300000200C9C1
(74.100000) vcan0 100#282300000200CAC2
(74.100000) vcan0 101#DB2900002823E51C
(74.100000) vcan0 200#6A187800FE01E512
(74.100000) vcan0 201#881300000000E57D
(74.150000) vcan0 100#282300000200CBC3
(74.200000) vcan0 100#282300000200CCC4
(74.200000) vcan0 101#F42900002823E630
(74.200000) vcan0 200#6A187800FE01E611
(74.200000) vcan0 201#881300000000E67E
(74.200000) vcan0 300#000003F000007383
(74.250000) vcan0 100#282300000200CDC5
(74.250000) vcan0 400#441D90010C2B29C2
(74.300000) vcan0 100#282300000200CEC6
(74.300000) vcan0 101#0D2A00002823E7CB
(74.300000) vcan0 200#6A187800FE01E710
(74.300000) vcan0 201#881300000000E77F
(74.350000) vcan0 100#282300000200CFC7
(74.400000) vcan0 100#282300000200D0D8
(74.400000) vcan0 101#262A00002823E8EF
(74.400000) vcan0 200#6A187800FE01E81F
(74.400000) vcan0 201#881300000000E870
(74.400000) vcan0 300#000003F000007484
(74.450000) vcan0 100#282300000200D1D9
(74.500000) vcan0 100#282300000200D2DA
(74.500000) vcan0 101#3F2A00002823E9F7
(74.500000) vcan0 200#6A187800FE01E91E
(74.500000) vcan0 201#881300000000E971
(74.500000) vcan0 400#411D90010C2B2AC4
(74.500000) vcan0 500#CD008C00012A95FA
(74.550000) vcan0 100#282300000200D3DB
(74.600000) vcan0 100#282300000200D4DC
(74.600000) vcan0 101#582A00002823EA93
(74.600000) vcan0 200#6A187800FD01EA1E
(74.600000) vcan0 201#881300000000EA72
(74.600000) vcan0 300#000003F000007585
(74.650000) vcan0 100#282300000200D5DD
(74.700000) vcan0 100#282300000200D6DE
(74.700000) vcan0 101#712A00002823EBBB
(74.700000) vcan0 200#6A187800FD01EB1F
(74.700000) vcan0 201#881300000000EB73
(74.750000) vcan0 100#282300000200D7DF
(74.750000) vcan0 400#3F1D90010C2B2BBB
(74.800000) vcan0 100#282300000200D8D0
(74.800000) vcan0 101#8A2A00002823EC47
(74.800000) vcan0 200#6A187800FD01EC18
(74.800000) vcan0 201#881300000000EC74
(74.800000) vcan0 300#000003F000007686
(74.850000) vcan0 100#282300000200D9D1
(74.900000) vcan0 100#282300000200DAD2
(74.900000) vcan0 101#A32A00002823ED6F
(74.900000) vcan0 200#6A187800FD01ED19
(74.900000) vcan0 201#881300000000ED75
(74.950000) vcan0 100#282300000200DBD3
(75.000000) vcan0 100#282300000200DCD4
(75.000000) vcan0 101#BC2A00002823EE73
(75.000000) vcan0 200#6A187800FD01EE1A
(75.000000) vcan0 201#881300000000EE76
(75.000000) vcan0 300#000003F000007787
(75.000000) vcan0 400#3D1D90010C2B2CBE
(75.000000) vcan0 500#CD008C00012A96F9
(75.000000) vcan0 600#EE02000000004BA1
(75.050000) vcan0 100#282300000200DDD5
(75.100000) vcan0 100#282300000200DED6
(75.100000) vcan0 101#D52A00002823EF1B
(75.100000) vcan0 200#6A187800FD01EF1B
(75.100000) vcan0 201#881300000000EF77
(75.150000) vcan0 100#282300000200DFD7
(75.200000) vcan0 100#282300000200E0E8
(75.200000) vcan0 101#EE2A00002823F03F
(75.200000) vcan0 200#6A187800FD01F004
(75.200000) vcan0 201#881300000000F068
(75.200000) vcan0 300#000003F000007888
(75.250000) vcan0 100#282300000200E1E9
(75.250000) vcan0 400#3B1D90010C2B2DB9
(75.300000) vcan0 100#282300000200E2EA
(75.300000) vcan0 101#072B00002823F1D6
(75.300000) vcan0 200#6A187800FD01F105
(75.300000) vcan0 201#881300000000F169
(75.350000) vcan0 100#282300000200E3EB
(75.400000) vcan0 100#282300000200E4EC
(75.400000) vcan0 101#202B00002823F2F2
(75.400000) vcan0 200#6A187800FD01F206
(75.400000) vcan0 201#881300000000F26A
(75.400000) vcan0 300#000003F000007989
(75.450000) vcan0 100#282300000200E5ED
(75.500000) vcan0 100#282300000200E6EE
(75.500000) vcan0 101#392B00002823F3EA
(75.500000) vcan0 200#6A187800FD01F307
(75.500000) vcan0 201#881300000000F36B
(75.500000) vcan0 400#3A1D90010C2B2EBB
(75.500000) vcan0 500#CD008C00012A97F8
(75.550000) vcan0 100#282300000200E7EF
(75.600000) vcan0 100#282300000200E8E0
(75.600000) vcan0 101#522B00002823F486
(75.600000) vcan0 200#6A187800FD01F400
(75.600000) vcan0 201#881300000000F46C
(75.600000) vcan0 300#000003F000007A8A
(75.650000) vcan0 100#282300000200E9E1
(75.700000) vcan0 100#282300000200EAE2
(75.700000) vcan0 101#6B2B00002823F5BE
(75.700000) vcan0 200#6A187800FD01F501
(75.700000) vcan0 201#881300000000F56D
(75.750000) vcan0 100#282300000200EBE3
(75.750000) vcan0 400#381D90010C2B2FB8
(75.800000) vcan0 100#282300000200ECE4
(75.800000) vcan0 101#842B00002823F652
(75.800000) vcan0 200#6A187800FC01F603
(75.800000) vcan0 201#881300000000F66E
(75.800000) vcan0 300#000003F000007B8B
(75.850000) vcan0 100#282300000200EDE5
(75.900000) vcan0 100#282300000200EEE6
(75.900000) vcan0 101#9D2B00002823F74A
(75.900000) vcan0 200#6A187800FC01F702
(75.900000) vcan0 201#881300000000F76F
(75.950000) vcan0 100#282300000200EFE7
(76.000000) vcan0 100#282300000200F0F8
(76.000000) vcan0 101#B62B00002823F86E
(76.000000) vcan0 200#6A187800FC01F80D
(76.000000) vcan0 201#881300000000F860
(76.000000) vcan0 300#000003F000007C8C
(76.000000) vcan0 400#361D90010C2B30A9
(76.000000) vcan0 500#CD008C00012A98F7
(76.000000) vcan0 600#F802000000004CB0
(76.050000) vcan0 100#282300000200F1F9
(76.100000) vcan0 100#282300000200F2FA
(76.100000) vcan0 101#CF2B00002823F916
(76.100000) vcan0 200#6A187800FC01F90C
(76.100000) vcan0 201#881300000000F961
(76.150000) vcan0 100#282300000200F3FB
(76.200000) vcan0 100#282300000200F4FC
(76.200000) vcan0 101#E82B00002823FA32
(76.200000) vcan0 200#6A187800FC01FA0F
(76.200000) vcan0 201#881300000000FA62
(76.200000) vcan0 300#000003F000007D8D
(76.250000) vcan0 100#282300000200F5FD
(76.250000) vcan0 400#351D90010C2B31AB
(76.300000) vcan0 100#282300000200F6FE
(76.300000) vcan0 101#012C00002823FBDD
(76.300000) vcan0 200#6A187800FC01FB0E
(76.300000) vcan0 201#881300000000FB63
(76.350000) vcan0 100#282300000200F7FF
(76.400000) vcan0 100#282300000200F8F0
(76.400000) vcan0 101#1A2C00002823FCC1
(76.400000) vcan0 200#6A187800FC01FC09
(76.400000) vcan0 201#881300000000FC64
(76.400000) vcan0 300#000003F000007E8E
(76.450000) vcan0 100#282300000200F9F1
(76.500000) vcan0 100#282300000200FAF2
(76.500000) vcan0 101#332C00002823FDE9
(76.500000) vcan0 200#6A187800FC01FD08
(76.500000) vcan0 201#881300000000FD65
(76.500000) vcan0 400#331D90010C2B32AE
(76.500000) vcan0 500#CD008C00012A99F6
(76.550000) vcan0 100#282300000200FBF3
(76.600000) vcan0 100#282300000200FCF4
(76.600000) vcan0 101#4C2C00002823FE95
(76.600000) vcan0 200#6A187800FC01FE0B
(76.600000) vcan0 201#881300000000FE66
(76.600000) vcan0 300#000003F000007F8F
(76.650000) vcan0 100#282300000200FDF5
(76.700000) vcan0 100#282300000200FEF6
(76.700000) vcan0 101#652C00002823FFBD
(76.700000) vcan0 200#6A187800FC01FF0A
(76.700000) vcan0 201#881300000000FF67
(76.750000) vcan0 100#282300000200FFF7
(76.750000) vcan0 400#321D90010C2B33AE
(76.800000) vcan0 100#2823000002000008
(76.800000) vcan0 101#7E2C000028230059
(76.800000) vcan0 200#6A187800FC0100F5
(76.800000) vcan0 201#8813000000000098
(76.800000) vcan0 300#000003F000008070
(76.850000) vcan0 100#2823000002000109
(76.900000) vcan0 100#282300000200020A
(76.900000) vcan0 101#972C0000282301B1
(76.900000) vcan0 200#6A187800FC0101F4
(76.900000) vcan0 201#8813000000000199
(76.950000) vcan0 100#282300000200030B
(77.000000) vcan0 100#282300000200040C
(77.000000) vcan0 101#B02C000028230295
(77.000000) vcan0 200#6A187800FB0102F0
(77.000000) vcan0 201#881300000000029A
(77.000000) vcan0 300#000003F000008171
(77.000000) vcan0 400#311D90010C2B34AA
(77.000000) vcan0 500#CD008C00012A9AF5
(77.000000) vcan0 600#0203000000004D4A
(77.050000) vcan0 100#282300000200050D
(77.100000) vcan0 100#282300000200060E
(77.100000) vcan0 101#C92C0000282303ED
(77.100000) vcan0 200#6A187800FB0103F1
(77.100000) vcan0 201#881300000000039B
(77.150000) vcan0 100#282300000200070F
(77.200000) vcan0 100#2823000002000800
(77.200000) vcan0 101#E22C0000282304C1
(77.200000) vcan0 200#6A187800FB0104F6
(77.200000) vcan0 201#881300000000049C
(77.200000) vcan0 300#000003F000008272
(77.250000) vcan0 100#2823000002000901
(77.250000) vcan0 400#301D90010C2B35AA
(77.300000) vcan0 100#2823000002000A02
(77.300000) vcan0 101#FB2C0000282305D9
(77.300000) vcan0 200#6A187800FB0105F7
(77.300000) vcan0 201#881300000000059D
(77.350000) vcan0 100#2823000002000B03
(77.400000) vcan0 100#2823000002000C04
(77.400000) vcan0 101#142D000028230634
(77.400000) vcan0 200#6A187800FB0106F4
(77.400000) vcan0 201#881300000000069E
(77.400000) vcan0 300#000003F000008373
(77.450000) vcan0 100#2823000002000D05
(77.500000) vcan0 100#2823000002000E06
(77.500000) vcan0 101#2D2D00002823070C
(77.500000) vcan0 200#6A187800FB0107F5
(77.500000) vcan0 201#881300000000079F
(77.500000) vcan0 400#2F1D90010C2B36B6
(77.500000) vcan0 500#CD008C00012A9BF4
(77.550000) vcan0 100#2823000002000F07
(77.600000) vcan0 100#2823000002001018
(77.600000) vcan0 101#462D000028230868
(77.600000) vcan0 200#6A187800FB0108FA
(77.600000) vcan0 201#8813000000000890
(77.600000) vcan0 300#000003F000008474
(77.650000) vcan0 100#2823000002001119
(77.700000) vcan0 100#282300000200121A
(77.700000) vcan0 101#5F2D000028230970
(77.700000) vcan0 200#6A187800FB0109FB
(77.700000) vcan0 201#8813000000000991
(77.750000) vcan0 100#282300000200131B
(77.750000) vcan0 400#2F1D90010C2B37B7
(77.800000) vcan0 100#282300000200141C
(77.800000) vcan0 101#782D000028230A54
(77.800000) vcan0 200#6A187800FB010AF8
(77.800000) vcan0 201#8813000000000A92
(77.800000) vcan0 300#000003F000008575
(77.850000) vcan0 100#282300000200151D
(77.900000) vcan0 100#282300000200161E
(77.900000) vcan0 101#912D000028230BBC
(77.900000) vcan0 200#6A187800FB010BF9
(77.900000) vcan0 201#8813000000000B93
(77.950000) vcan0 100#282300000200171F
(78.000000) vcan0 100#2823000002001810
(78.000000) vcan0 101#AA2D000028230C80
(78.000000) vcan0 200#6A187800FB010CFE
(78.000000) vcan0 201#8813000000000C94
(78.000000) vcan0 300#000003F000008676
(78.000000) vcan0 400#2E1D90010C2B38B9
(78.000000) vcan0 500#CD008C00012A9CF3
(78.000000) vcan0 600#0C03000000004E47
(78.050000) vcan0 100#2823000002001911
(78.100000) vcan0 100#2823000002001A12
(78.100000) vcan0 101#C32D000028230DE8
(78.100000) vcan0 200#6A187800FB010DFF
(78.100000) vcan0 201#8813000000000D95
(78.150000) vcan0 100#2823000002001B13
(78.200000) vcan0 100#2823000002001C14
(78.200000) vcan0 101#DC2D000028230EF4
(78.200000) vcan0 200#6A187800FA010EFD
(78.200000) vcan0 201#8813000000000E96
(78.200000) vcan0 300#000003F000008777
(78.250000) vcan0 100#2823000002001D15
(78.250000) vcan0 400#2E1D90010C2B39B8
(78.300000) vcan0 100#2823000002001E16
(78.300000) vcan0 101#F52D000028230FDC
(78.300000) vcan0 200#6A187800FA010FFC
(78.300000) vcan0 201#8813000000000F97
(78.350000) vcan0 100#2823000002001F17
(78.400000) vcan0 100#2823000002002028
(78.400000) vcan0 101#0E2E00002823103B
(78.400000) vcan0 200#6A187800FA0110E3
(78.400000) vcan0 201#8813000000001088
(78.400000) vcan0 300#000003F000008878
(78.450000) vcan0 100#2823000002002129
(78.500000) vcan0 100#282300000200222A
(78.500000) vcan0 101#272E000028231113
(78.500000) vcan0 200#6A187800FA0111E2
(78.500000) vcan0 201#8813000000001189
(78.500000) vcan0 400#2E1D90010C2B3ABB
(78.500000) vcan0 500#CD008C00012A9DF2
(78.550000) vcan0 100#282300000200232B
(78.600000) vcan0 100#282300000200242C
(78.600000) vcan0 101#402E000028231277
(78.600000) vcan0 200#6A187800FA0112E1
(78.600000) vcan0 201#881300000000128A
(78.600000) vcan0 300#000003F000008979
(78.650000) vcan0 100#282300000200252D
(78.700000) vcan0 100#282300000200262E
(78.700000) vcan0 101#592E00002823136F
(78.700000) vcan0 200#6A187800FA0113E0
(78.700000) vcan0 201#881300000000138B
(78.750000) vcan0 100#282300000200272F
(78.750000) vcan0 400#2E1D90010C2B3BBA
(78.800000) vcan0 100#2823000002002820
(78.800000) vcan0 101#722E000028231443
(78.800000) vcan0 200#6A187800FA0114E7
(78.800000) vcan0 201#881300000000148C
(78.800000) vcan0 300#000003F000008A7A
(78.850000) vcan0 100#2823000002002921
(78.900000) vcan0 100#2823000002002A22
(78.900000) vcan0 101#8B2E0000282315BB
(78.900000) vcan0 200#6A187800FA0115E6
(78.900000) vcan0 201#881300000000158D
(78.950000) vcan0 100#2823000002002B23
(79.000000) vcan0 100#2823000002002C24
(79.000000) vcan0 101#A42E000028231697
(79.000000) vcan0 200#6A187800FA0116E5
(79.000000) vcan0 201#881300000000168E
(79.000000) vcan0 300#000003F000008B7B
(79.000000) vcan0 400#2E1D90010C2B3CBD
(79.000000) vcan0 500#CD008C00012A9EF1
(79.000000) vcan0 600#1603000000004F5C
(79.050000) vcan0 100#2823000002002D25
(79.100000) vcan0 100#2823000002002E26
(79.100000) vcan0 101#BD2E00002823178F
(79.100000) vcan0 200#6A187800FA0117E4
(79.100000) vcan0 201#881300000000178F
(79.150000) vcan0 100#2823000002002F27
(79.200000) vcan0 100#2823000002003038
(79.200000) vcan0 101#D62E0000282318EB
(79.200000) vcan0 200#6A187800FA0118EB
(79.200000) vcan0 201#8813000000001880
(79.200000) vcan0 300#000003F000008C7C
(79.250000) vcan0 100#2823000002003139
(79.250000) vcan0 400#2F1D90010C2B3DBD
(79.300000) vcan0 100#282300000200323A
(79.300000) vcan0 101#EF2E0000282319D3
(79.300000) vcan0 200#6A187800FA0119EA
(79.300000) vcan0 201#8813000000001981
(79.350000) vcan0 100#282300000200333B
(79.400000) vcan0 100#282300000200343C
(79.400000) vcan0 101#082F000028231A36
(79.400000) vcan0 200#6A187800FA011AE9
(79.400000) vcan0 201#8813000000001A82
(79.400000) vcan0 300#000003F000008D7D
(79.450000) vcan0 100#282300000200353D
(79.500000) vcan0 100#282300000200363E
(79.500000) vcan0 101#212F000028231B1E
(79.500000) vcan0 200#6A187800F9011BEB
(79.500000) vcan0 201#8813000000001B83
(79.500000) vcan0 400#2F1D90010C2B3EBE
(79.500000) vcan0 500#CD008C00012A9FF0
(79.550000) vcan0 100#282300000200373F
(79.600000) vcan0 100#2823000002003830
(79.600000) vcan0 101#3A2F000028231C02
(79.600000) vcan0 200#6A187800F9011CEC
(79.600000) vcan0 201#8813000000001C84
(79.600000) vcan0 300#000003F000008E7E
(79.650000) vcan0 100#2823000002003931
(79.700000) vcan0 100#2823000002003A32
(79.700000) vcan0 101#532F000028231D6A
(79.700000) vcan0 200#6A187800F9011DED
(79.700000) vcan0 201#8813000000001D85
(79.750000) vcan0 100#2823000002003B33
(79.750000) vcan0 400#301D90010C2B3FA0
(79.800000) vcan0 100#2823000002003C34
(79.800000) vcan0 101#6C2F000028231E56
(79.800000) vcan0 200#6A187800F9011EEE
(79.800000) vcan0 201#8813000000001E86
(79.800000) vcan0 300#000003F000008F7F
(79.850000) vcan0 100#2823000002003D35
(79.900000) vcan0 100#2823000002003E36
(79.900000) vcan0 101#852F000028231FBE
(79.900000) vcan0 200#6A187800F9011FEF
(79.900000) vcan0 201#8813000000001F87
(79.950000) vcan0 100#2823000002003F37
(80.000000) vcan0 100#2823000002004048
(80.000000) vcan0 101#9E2F00002823209A
(80.000000) vcan0 200#6A187800F90120D0
(80.000000) vcan0 201#88130000000020B8
(80.000000) vcan0 300#000003F000009060
(80.000000) vcan0 400#311D90010C2B40DE
(80.000000) vcan0 500#CD008C00012AA0CF
(80.000000) vcan0 600#2003000000005075
(80.050000) vcan0 100#2823000002004149
(80.100000) vcan0 100#282300000200424A
(80.100000) vcan0 101#B72F0000282321B2
(80.100000) vcan0 200#6A187800F90121D1
(80.100000) vcan0 201#88130000000021B9
(80.150000) vcan0 100#282300000200434B
(80.200000) vcan0 100#282300000200444C
(80.200000) vcan0 101#D02F0000282322D6
(80.200000) vcan0 200#6A187800F90122D2
(80.200000) vcan0 201#88130000000022BA
(80.200000) vcan0 300#000003F000009161
(80.250000) vcan0 100#282300000200454D
(80.250000) vcan0 400#321D90010C2B41DC
(80.300000) vcan0 100#282300000200464E
(80.300000) vcan0 101#E92F0000282323EE
(80.300000) vcan0 200#6A187800F90123D3
(80.300000) vcan0 201#88130000000023BB
(80.350000) vcan0 100#282300000200474F
(80.400000) vcan0 100#2823000002004840
(80.400000) vcan0 101#023000002823241D
(80.400000) vcan0 200#6A187800F90124D4
(80.400000) vcan0 201#88130000000024BC
(80.400000) vcan0 300#000003F000009262
(80.450000) vcan0 100#2823000002004941
(80.500000) vcan0 100#232312FD03004AA7
(80.500000) vcan0 101#1B30000028232505
(80.500000) vcan0 200#66180000F90125A1
(80.500000) vcan0 201#F60992098C0025CE
(80.500000) vcan0 400#331DD08A0C2B4215
(80.500000) vcan0 500#CD008C00012AA1CE
(80.550000) vcan0 100#152312FD03004B90
(80.600000) vcan0 100#082312FD03004C8A
(80.600000) vcan0 101#3430000028232629
(80.600000) vcan0 200#53180000F8012696
(80.600000) vcan0 201#F60992098C0026CD
(80.600000) vcan0 300#000003F000009363
(80.650000) vcan0 100#FA2212FD03004D78
(80.700000) vcan0 100#ED2212FD03004E6C
(80.700000) vcan0 101#4D30000028232751
(80.700000) vcan0 200#41180000F8012785
(80.700000) vcan0 201#F60992098C0027CC
(80.750000) vcan0 100#DF2212FD03004F5F
(80.750000) vcan0 400#341DD08A0C2B4313
(80.800000) vcan0 100#D22212FD0300504D
(80.800000) vcan0 101#6530000028232876
(80.800000) vcan0 200#2E180000F80128E5
(80.800000) vcan0 201#F60992098C0028C3
(80.800000) vcan0 300#000003F000009464
(80.850000) vcan0 100#C42212FD0300515A
(80.900000) vcan0 100#B72212FD0300522A
(80.900000) vcan0 101#7E3000002823296C
(80.900000) vcan0 200#1B180000F80129D1
(80.900000) vcan0 201#F60992098C0029C2
(80.950000) vcan0 100#A92212FD03005335
(81.000000) vcan0 100#9C2212FD03005407
(81.000000) vcan0 101#9730000028232A86
(81.000000) vcan0 200#08180000F8012AC1
(81.000000) vcan0 201#F60992098C002AC1
(81.000000) vcan0 300#000003F000009565
(81.000000) vcan0 400#361DD08A0C2B4416
(81.000000) vcan0 500#CD008C00012AA2CD
(81.000000) vcan0 600#2A0300000000517E
(81.050000) vcan0 100#8E2212FD03005514
(81.100000) vcan0 100#812212FD03005618
(81.100000) vcan0 101#AF30000028232BBF
(81.100000) vcan0 200#F6170000F8012B31
(81.100000) vcan0 201#F60992098C002BC0
(81.150000) vcan0 100#732212FD030057EB
(81.200000) vcan0 100#662212FD030058F1
(81.200000) vcan0 101#C830000028232CDF
(81.200000) vcan0 200#E3170000F7012C2C
(81.200000) vcan0 201#F60992098C002CC7
(81.200000) vcan0 300#000003F000009666
(81.250000) vcan0 100#582212FD030059CE
(81.250000) vcan0 400#371DD08A0C2B4516
(81.300000) vcan0 100#4B2212FD03005ADE
(81.300000) vcan0 101#E030000028232DF6
(81.300000) vcan0 200#D0170000F7012D1E
(81.300000) vcan0 201#F60992098C002DC6
(81.350000) vcan0 100#3D2212FD03005BA9
(81.400000) vcan0 100#302212FD03005CA3
(81.400000) vcan0 101#F930000028232EEC
(81.400000) vcan0 200#BD170000F7012E70
(81.400000) vcan0 201#F60992098C002EC5
(81.400000) vcan0 300#000003F000009767
(81.450000) vcan0 100#222212FD03005DB0
(81.500000) vcan0 100#152212FD03005E84
(81.500000) vcan0 101#1131000028232F04
(81.500000) vcan0 200#AB170000F7012F67
(81.500000) vcan0 201#F60992098C002FC4
(81.500000) vcan0 400#391DD08A0C2B461B
(81.500000) vcan0 500#CD008C00012AA3CC
(81.550000) vcan0 100#072212FD03005F97
(81.600000) vcan0 100#FA2112FD03006056
(81.600000) vcan0 101#2931000028233023
(81.600000) vcan0 200#98170000F701304B
(81.600000) vcan0 201#F60992098C0030DB
(81.600000) vcan0 300#000003F000009868
(81.650000) vcan0 100#EC2112FD03006141
(81.700000) vcan0 100#DF2112FD03006271
(81.700000) vcan0 101#413100002823314A
(81.700000) vcan0 200#85170000F7013157
(81.700000) vcan0 201#F60992098C0031DA
(81.750000) vcan0 100#D12112FD0300637E
(81.750000) vcan0 400#3B1DD08A0C2B4718
(81.800000) vcan0 100#C42112FD0300646C
(81.800000) vcan0 101#5931000028233251
(81.800000) vcan0 200#72170000F60132A2
(81.800000) vcan0 201#F60992098C0032D9
(81.800000) vcan0 300#000003F000009969
(81.850000) vcan0 100#B62112FD0300651F
(81.900000) vcan0 100#A92112FD03006603
(81.900000) vcan0 101#7131000028233378
(81.900000) vcan0 200#60170000F60133B1
(81.900000) vcan0 201#F60992098C0033D8
(81.950000) vcan0 100#9B2112FD03006730
(82.000000) vcan0 100#8E2112FD0300682A
(82.000000) vcan0 101#8931000028233487
(82.000000) vcan0 200#4D170000F601349B
(82.000000) vcan0 201#F60992098C0034DF
(82.000000) vcan0 300#000003F000009A6A
(82.000000) vcan0 400#3D1DD08A0C2B4811
(82.000000) vcan0 500#CD008C00012AA4CB
(82.000000) vcan0 600#3403000000005263
(82.050000) vcan0 100#802112FD03006925
(82.100000) vcan0 100#732112FD03006AD5
(82.100000) vcan0 101#A1310000282335AE
(82.100000) vcan0 200#3A170000F60135ED
(82.100000) vcan0 201#F60992098C0035DE
(82.150000) vcan0 100#652112FD03006BC2
(82.200000) vcan0 100#582112FD03006CF8
(82.200000) vcan0 101#B9310000282336B5
(82.200000) vcan0 200#27170000F60136F3
(82.200000) vcan0 201#F60992098C0036DD
(82.200000) vcan0 300#000003F000009B6B
(82.250000) vcan0 100#4A2112FD03006DEB
(82.250000) vcan0 400#3F1DD08A0C2B4912
(82.300000) vcan0 100#3D2112FD03006E9F
(82.300000) vcan0 101#D0310000282337DD
(82.300000) vcan0 200#15170000F60137C0
(82.300000) vcan0 201#F60992098C0037DC
(82.350000) vcan0 100#2F2112FD03006F8C
(82.400000) vcan0 100#222112FD0300709E
(82.400000) vcan0 101#E8310000282338EA
(82.400000) vcan0 200#02170000F50138DB
(82.400000) vcan0 201#F60992098C0038D3
(82.400000) vcan0 300#000003F000009C6C
(82.450000) vcan0 100#142112FD030071A9
(82.500000) vcan0 100#072112FD030072B9
(82.500000) vcan0 101#0032000028233900
(82.500000) vcan0 200#EF160000F5013936
(82.500000) vcan0 201#F60992098C0039D2
(82.500000) vcan0 400#411DD08A0C2B4A6F
(82.500000) vcan0 500#CD008C00012AA5CA
(82.550000) vcan0 100#F92012FD03007347
(82.600000) vcan0 100#EC2012FD03007455
(82.600000) vcan0 101#1732000028233A14
(82.600000) vcan0 200#DC160000F5013A06
(82.600000) vcan0 201#F60992098C003AD1
(82.600000) vcan0 300#000003F000009D6D
(82.650000) vcan0 100#DE2012FD03007566
(82.700000) vcan0 100#D12012FD0300766A
(82.700000) vcan0 101#2E32000028233B2C
(82.700000) vcan0 200#CA160000F5013B11
(82.700000) vcan0 201#F60992098C003BD0
(82.750000) vcan0 100#C32012FD03007779
(82.750000) vcan0 400#431DD08A0C2B4B6C
(82.800000) vcan0 100#B62012FD03007803
(82.800000) vcan0 101#4632000028233C43
(82.800000) vcan0 200#B7160000F5013C6B
(82.800000) vcan0 201#F60992098C003CD7
(82.800000) vcan0 300#000003F000009E6E
(82.850000) vcan0 100#A82012FD0300791C
(82.900000) vcan0 100#9B2012FD03007A2C
(82.900000) vcan0 101#5D32000028233D59
(82.900000) vcan0 200#A4160000F5013D79
(82.900000) vcan0 201#F60992098C003DD6
(82.950000) vcan0 100#8D2012FD03007B3B
(83.000000) vcan0 100#802012FD03007C31
(83.000000) vcan0 101#7432000028233E73
(83.000000) vcan0 200#91160000F4013E4E
(83.000000) vcan0 201#F60992098C003ED5
(83.000000) vcan0 300#000003F000009F6F
(83.000000) vcan0 400#451DD08A0C2B4C6D
(83.000000) vcan0 500#CD008C00012AA6C9
(83.000000) vcan0 600#3E03000000005368
(83.050000) vcan0 100#722012FD03007DC2
(83.100000) vcan0 100#652012FD03007ED6
(83.100000) vcan0 101#8B32000028233F8D
(83.100000) vcan0 200#7F160000F4013FA1
(83.100000) vcan0 201#F60992098C003FD4
(83.150000) vcan0 100#572012FD03007FE5
(83.200000) vcan0 100#4A2012FD03008007
(83.200000) vcan0 101#A2320000282340DB
(83.200000) vcan0 200#6C160000F40140CD
(83.200000) vcan0 201#F60992098C0040AB
(83.200000) vcan0 300#000003F00000A050
(83.250000) vcan0 100#3C2012FD03008170
(83.250000) vcan0 400#471DD08A0C2B4D6E
(83.300000) vcan0 100#2F2012FD03008260
(83.300000) vcan0 101#B9320000282341C1
(83.300000) vcan0 200#59160000F40141F9
(83.300000) vcan0 201#F60992098C0041AA
(83.350000) vcan0 100#212012FD0300836F
(83.400000) vcan0 100#142012FD0300845D
(83.400000) vcan0 101#D0320000282342AB
(83.400000) vcan0 200#46160000F40142E5
(83.400000) vcan0 201#F60992098C0042A9
(83.400000) vcan0 300#000003F00000A151
(83.450000) vcan0 100#062012FD0300854E
(83.500000) vcan0 100#F91F12FD0300868D
(83.500000) vcan0 101#E73200002823439D
(83.500000) vcan0 200#34160000F4014396
(83.500000) vcan0 201#F60992098C0043A8
(83.500000) vcan0 400#4A1DD08A0C2B4E60
(83.500000) vcan0 500#CD008C00012AA7C8
(83.550000) vcan0 100#EB1F12FD0300879E
(83.600000) vcan0 100#DE1F12FD030088A4
(83.600000) vcan0 101#FD32000028234480
(83.600000) vcan0 200#21160000F3014483
(83.600000) vcan0 201#F60992098C0044AF
(83.600000) vcan0 300#000003F00000A252
(83.650000) vcan0 100#D01F12FD030089AB
(83.700000) vcan0 100#C31F12FD03008ABB
(83.700000) vcan0 101#1433000028234569
(83.700000) vcan0 200#0E160000F30145AD
(83.700000) vcan0 201#F60992098C0045AE
(83.750000) vcan0 100#B51F12FD03008BCC
(83.750000) vcan0 400#4C1DD08A0C2B4F67
(83.800000) vcan0 100#A81F12FD03008CD6
(83.800000) vcan0 101#2A33000028234654
(83.800000) vcan0 200#FB150000F3014658
(83.800000) vcan0 201#F60992098C0046AD
(83.800000) vcan0 300#000003F00000A353
(83.850000) vcan0 100#9A1F12FD03008DE5
(83.900000) vcan0 100#8D1F12FD03008EF1
(83.900000) vcan0 101#413300002823473E
(83.900000) vcan0 200#E9150000F301474B
(83.900000) vcan0 201#F60992098C0047AC
(83.950000) vcan0 100#7F1F12FD03008F02
(84.000000) vcan0 100#721F12FD03009010
(84.000000) vcan0 101#5733000028234827
(84.000000) vcan0 200#D6150000F301487B
(84.000000) vcan0 201#F60992098C0048A3
(84.000000) vcan0 300#000003F00000A454
(84.000000) vcan0 400#4E1DD08A0C2B507A
(84.000000) vcan0 500#CD008C00012AA8C7
(84.000000) vcan0 600#4803000000005419
(84.050000) vcan0 100#641F12FD03009107
(84.100000) vcan0 100#571F12FD03009237
(84.100000) vcan0 101#6E3300002823491F
(84.100000) vcan0 200#C3150000F301496F
(84.100000) vcan0 201#F60992098C0049A2
(84.150000) vcan0 100#491F12FD03009328
(84.200000) vcan0 100#3C1F12FD0300945A
(84.200000) vcan0 101#8433000028234AF6
(84.200000) vcan0 200#B0150000F2014A1E
(84.200000) vcan0 201#F60992098C004AA1
(84.200000) vcan0 300#000003F00000A555
(84.250000) vcan0 100#2E1F12FD03009549
(84.250000) vcan0 400#501DD08A0C2B5165
(84.300000) vcan0 100#211F12FD03009645
(84.300000) vcan0 101#9A33000028234BE9
(84.300000) vcan0 200#9E150000F2014B31
(84.300000) vcan0 201#F60992098C004BA0
(84.350000) vcan0 100#131F12FD03009776
(84.400000) vcan0 100#061F12FD0300986C
(84.400000) vcan0 101#B033000028234CC4
(84.400000) vcan0 200#8B150000F2014C23
(84.400000) vcan0 201#F60992098C004CA7
(84.400000) vcan0 300#000003F00000A656
(84.450000) vcan0 100#F81E12FD03009992
(84.500000) vcan0 100#EB1E12FD03009A82
(84.500000) vcan0 101#C633000028234DB3
(84.500000) vcan0 200#78150000F2014DD1
(84.500000) vcan0 201#F60992098C004DA6
(84.500000) vcan0 400#521DD08A0C2B5264
(84.500000) vcan0 500#CD008C00012AA9C6
(84.550000) vcan0 100#DD1E12FD03009BB5
(84.600000) vcan0 100#D01E12FD03009CBF
(84.600000) vcan0 101#DC33000028234EAA
(84.600000) vcan0 200#65150000F2014ECF
(84.600000) vcan0 201#F60992098C004EA5
(84.600000) vcan0 300#000003F00000A757
(84.650000) vcan0 100#C21E12FD03009DAC
(84.700000) vcan0 100#B51E12FD03009ED8
(84.700000) vcan0 101#F233000028234F85
(84.700000) vcan0 200#53150000F2014FF8
(84.700000) vcan0 201#F60992098C004FA4
(84.750000) vcan0 100#A71E12FD03009FCB
(84.750000) vcan0 400#551DD08A0C2B5362
(84.800000) vcan0 100#9A1E12FD0300A0C9
(84.800000) vcan0 101#0834000028235067
(84.800000) vcan0 200#40150000F10150F7
(84.800000) vcan0 201#F60992098C0050BB
(84.800000) vcan0 300#000003F00000A858
(84.850000) vcan0 100#8C1E12FD0300A1DE
(84.900000) vcan0 100#7F1E12FD0300A22E
(84.900000) vcan0 101#1E34000028235170
(84.900000) vcan0 200#2D150000F101519B
(84.900000) vcan0 201#F60992098C0051BA
(84.950000) vcan0 100#711E12FD0300A321
(85.000000) vcan0 100#641E12FD0300A433
(85.000000) vcan0 101#333400002823525E
(85.000000) vcan0 200#1A150000F10152AF
(85.000000) vcan0 201#F60992098C0052B9
(85.000000) vcan0 300#000003F00000A959
(85.000000) vcan0 400#571DD08A0C2B5467
(85.000000) vcan0 500#CD008C00012AAAC5
(85.000000) vcan0 600#5203000000005502
(85.050000) vcan0 100#561E12FD0300A500
(85.100000) vcan0 100#491E12FD0300A61C
(85.100000) vcan0 101#4934000028235325
(85.100000) vcan0 200#08150000F10153BC
(85.100000) vcan0 201#F60992098C0053B8
(85.150000) vcan0 100#3B1E12FD0300A76F
(85.200000) vcan0 100#2E1E12FD0300A875
(85.200000) vcan0 101#5E34000028235435
(85.200000) vcan0 200#F5140000F1015447
(85.200000) vcan0 201#F60992098C0054BF
(85.200000) vcan0 300#000003F00000AA5A
(85.250000) vcan0 100#201E12FD0300A97A
(85.250000) vcan0 400#591DD08A0C2B5568
(85.300000) vcan0 100#131E12FD0300AA4A
(85.300000) vcan0 101#743400002823551E
(85.300000) vcan0 200#E2140000F1015551
(85.300000) vcan0 201#F60992098C0055BE
(85.350000) vcan0 100#051E12FD0300AB5D
(85.400000) vcan0 100#F81D12FD0300ACA4
(85.400000) vcan0 101#89340000282356E0
(85.400000) vcan0 200#CF140000F001567E
(85.400000) vcan0 201#F60992098C0056BD
(85.400000) vcan0 300#000003F00000AB5B
(85.450000) vcan0 100#EA1D12FD0300ADB7
(85.500000) vcan0 100#DD1D12FD0300AE83
(85.500000) vcan0 101#9E340000282357F6
(85.500000) vcan0 200#BD140000F001570D
(85.500000) vcan0 201#F60992098C0057BC
(85.500000) vcan0 400#5B1DD08A0C2B5669
(85.500000) vcan0 500#CD008C00012AABC4
(85.550000) vcan0 100#CF1D12FD0300AF90
(85.600000) vcan0 100#C21D12FD0300B082
(85.600000) vcan0 101#B4340000282358D3
(85.600000) vcan0 200#AA140000F0015815
(85.600000) vcan0 201#F60992098C0058B3
(85.600000) vcan0 300#000003F00000AC5C
(85.650000) vcan0 100#B41D12FD0300B1F5
(85.700000) vcan0 100#A71D12FD0300B2E5
(85.700000) vcan0 101#C9340000282359AF
(85.700000) vcan0 200#97140000F0015929
(85.700000) vcan0 201#F60992098C0059B2
(85.750000) vcan0 100#991D12FD0300B3DA
(85.750000) vcan0 400#5D1DD08A0C2B576E
(85.800000) vcan0 100#8C1D12FD0300B4C8
(85.800000) vcan0 101#DE34000028235ABB
(85.800000) vcan0 200#84140000F0015A39
(85.800000) vcan0 201#F60992098C005AB1
(85.800000) vcan0 300#000003F00000AD5D
(85.850000) vcan0 100#7E1D12FD0300B53B
(85.900000) vcan0 100#711D12FD0300B637
(85.900000) vcan0 101#F334000028235B97
(85.900000) vcan0 200#72140000F0015BCE
(85.900000) vcan0 201#F60992098C005BB0
(85.950000) vcan0 100#631D12FD0300B724
(86.000000) vcan0 100#561D12FD0300B81E
(86.000000) vcan0 101#0835000028235C6A
(86.000000) vcan0 200#5F140000EF015CFB
(86.000000) vcan0 201#F60992098C005CB7
(86.000000) vcan0 300#000003F00000AE5E
(86.000000) vcan0 400#5F1DD08A0C2B5863
(86.000000) vcan0 500#CD008C00012AACC3
(86.000000) vcan0 600#5C0300000000560F
(86.050000) vcan0 100#481D12FD0300B901
(86.100000) vcan0 100#3B1D12FD0300BA71
(86.100000) vcan0 101#1C35000028235D7F
(86.100000) vcan0 200#4C140000EF015DE9
(86.100000) vcan0 201#F60992098C005DB6
(86.150000) vcan0 100#2D1D12FD0300BB66
(86.200000) vcan0 100#201D12FD0300BC6C
(86.200000) vcan0 101#3135000028235E51
(86.200000) vcan0 200#39140000EF015E9F
(86.200000) vcan0 201#F60992098C005EB5
(86.200000) vcan0 300#000003F00000AF5F
(86.250000) vcan0 100#121D12FD0300BD5F
(86.250000) vcan0 400#601DD08A0C2B595D
(86.300000) vcan0 100#051D12FD0300BE4B
(86.300000) vcan0 101#4635000028235F27
(86.300000) vcan0 200#27140000EF015F80
(86.300000) vcan0 201#F60992098C005FB4
(86.350000) vcan0 100#F71C12FD0300BFB9
(86.400000) vcan0 100#EA1C12FD0300C0DB
(86.400000) vcan0 101#5A35000028236004
(86.400000) vcan0 200#14140000EF01608C
(86.400000) vcan0 201#F60992098C00608B
(86.400000) vcan0 300#000003F00000B040
(86.450000) vcan0 100#DC1C12FD0300C1EC
(86.500000) vcan0 100#CF1C12FD0300C2FC
(86.500000) vcan0 101#6F35000028236130
(86.500000) vcan0 200#01140000EF016198
(86.500000) vcan0 201#F60992098C00618A
(86.500000) vcan0 400#621DD08A0C2B5A5C
(86.500000) vcan0 500#CD008C00012AADC2
(86.550000) vcan0 100#C11C12FD0300C3F3
(86.600000) vcan0 100#B41C12FD0300C481
(86.600000) vcan0 101#83350000282362DF
(86.600000) vcan0 200#EE130000EE016272
(86.600000) vcan0 201#F60992098C006289
(86.600000) vcan0 300#000003F00000B141
(86.650000) vcan0 100#A61C12FD0300C592
(86.700000) vcan0 100#991C12FD0300C6AE
(86.700000) vcan0 101#98350000282363C5
(86.700000) vcan0 200#DC130000EE016341
(86.700000) vcan0 201#F60992098C006388
(86.750000) vcan0 100#8B1C12FD0300C7BD
(86.750000) vcan0 400#631DD08A0C2B5B5C
(86.800000) vcan0 100#7E1C12FD0300C847
(86.800000) vcan0 101#AC350000282364F6
(86.800000) vcan0 200#C9130000EE016453
(86.800000) vcan0 201#F60992098C00648F
(86.800000) vcan0 300#000003F00000B242
(86.850000) vcan0 100#701C12FD0300C948
(86.900000) vcan0 100#631C12FD0300CA58
(86.900000) vcan0 101#C03500002823659B
(86.900000) vcan0 200#B6130000EE01652D
(86.900000) vcan0 201#F60992098C00658E
(86.950000) vcan0 100#551C12FD0300CB6F
(87.000000) vcan0 100#481C12FD0300CC75
(87.000000) vcan0 101#D43500002823668C
(87.000000) vcan0 200#A3130000EE01663B
(87.000000) vcan0 201#F60992098C00668D
(87.000000) vcan0 300#000003F00000B343
(87.000000) vcan0 400#651DD08A0C2B5C5D
(87.000000) vcan0 500#CD008C00012AAEC1
(87.000000) vcan0 600#6603000000005734
(87.050000) vcan0 100#3A1C12FD0300CD06
(87.100000) vcan0 100#2D1C12FD0300CE12
(87.100000) vcan0 101#E8350000282367B1
(87.100000) vcan0 200#91130000EE016708
(87.100000) vcan0 201#F60992098C00678C
(87.150000) vcan0 100#1F1C12FD0300CF21
(87.200000) vcan0 100#121C12FD0300D033
(87.200000) vcan0 101#FC350000282368AA
(87.200000) vcan0 200#7E130000EE0168E8
(87.200000) vcan0 201#F60992098C006883
(87.200000) vcan0 300#000003F00000B444
(87.250000) vcan0 100#041C12FD0300D124
(87.250000) vcan0 400#661DD08A0C2B5D5F
(87.300000) vcan0 100#F71B12FD0300D2D3
(87.300000) vcan0 101#1036000028236944
(87.300000) vcan0 200#6B130000ED0169FF
(87.300000) vcan0 201#F60992098C006982
(87.350000) vcan0 100#E91B12FD0300D3CC
(87.400000) vcan0 100#DC1B12FD0300D4FE
(87.400000) vcan0 101#2436000028236A73
(87.400000) vcan0 200#58130000ED016ACF
(87.400000) vcan0 201#F60992098C006A81
(87.400000) vcan0 300#000003F00000B545
(87.450000) vcan0 100#CE1B12FD0300D5ED
(87.500000) vcan0 100#C11B12FD0300D6E1
(87.500000) vcan0 101#3836000028236B6E
(87.500000) vcan0 200#46130000ED016BD0
(87.500000) vcan0 201#F60992098C006B80
(87.500000) vcan0 400#671DD08A0C2B5E5D
(87.500000) vcan0 500#CD008C00012AAFC0
(87.550000) vcan0 100#B31B12FD0300D792
(87.600000) vcan0 100#A61B12FD0300D888
(87.600000) vcan0 101#4C36000028236C1D
(87.600000) vcan0 200#33130000ED016CA2
(87.600000) vcan0 201#F60992098C006C87
(87.600000) vcan0 300#000003F00000B646
(87.650000) vcan0 100#981B12FD0300D9B7
(87.700000) vcan0 100#8B1B12FD0300DAA7
(87.700000) vcan0 101#5F36000028236D0F
(87.700000) vcan0 200#20130000ED016DB0
(87.700000) vcan0 201#F60992098C006D86
(87.750000) vcan0 100#7D1B12FD0300DB50
(87.750000) vcan0 400#681DD08A0C2B5F53
(87.800000) vcan0 100#701B12FD0300DC5A
(87.800000) vcan0 101#7336000028236E20
(87.800000) vcan0 200#0D130000ED016E9E
(87.800000) vcan0 201#F60992098C006E85
(87.800000) vcan0 300#000003F00000B747
(87.850000) vcan0 100#621B12FD0300DD49
(87.900000) vcan0 100#551B12FD0300DE7D
(87.900000) vcan0 101#8636000028236FD4
(87.900000) vcan0 200#FB120000EC016F69
(87.900000) vcan0 201#F60992098C006F84
(87.950000) vcan0 100#471B12FD0300DF6E
(88.000000) vcan0 100#3A1B12FD0300E02C
(88.000000) vcan0 101#9A360000282370D7
(88.000000) vcan0 200#E8120000EC017065
(88.000000) vcan0 201#F60992098C00709B
(88.000000) vcan0 300#000003F00000B848
(88.000000) vcan0 400#691DD08A0C2B606D
(88.000000) vcan0 500#CD008C00012AB0DF
(88.000000) vcan0 600#700300000000582D
(88.050000) vcan0 100#2C1B12FD0300E13B
(88.100000) vcan0 100#1F1B12FD0300E20B
(88.100000) vcan0 101#AD360000282371E1
(88.100000) vcan0 200#D5120000EC017159
(88.100000) vcan0 201#F60992098C00719A
(88.150000) vcan0 100#111B12FD0300E304
(88.200000) vcan0 100#041B12FD0300E416
(88.200000) vcan0 101#C03600002823728F
(88.200000) vcan0 200#C2120000EC01724D
(88.200000) vcan0 201#F60992098C007299
(88.200000) vcan0 300#000003F00000B949
(88.250000) vcan0 100#F61A12FD0300E5E4
(88.250000) vcan0 400#691DD08A0C2B616C
(88.300000) vcan0 100#E91A12FD0300E6F8
(88.300000) vcan0 101#D33600002823739D
(88.300000) vcan0 200#B0120000EC01733E
(88.300000) vcan0 201#F60992098C007398
(88.350000) vcan0 100#DB1A12FD0300E7CB
(88.400000) vcan0 100#CE1A12FD0300E8D1
(88.400000) vcan0 101#E7360000282374AE
(88.400000) vcan0 200#9D120000EC017414
(88.400000) vcan0 201#F60992098C00749F
(88.400000) vcan0 300#000003F00000BA4A
(88.450000) vcan0 100#C01A12FD0300E9DE
(88.500000) vcan0 100#B31A12FD0300EAAE
(88.500000) vcan0 101#FA360000282375B2
(88.500000) vcan0 200#8A120000EB017505
(88.500000) vcan0 201#F60992098C00759E
(88.500000) vcan0 400#6A1D608B0C2B62DD
(88.500000) vcan0 500#CD008C00012AB1DE
(88.550000) vcan0 100#A51A12FD0300EBB9
(88.600000) vcan0 100#981A12FD0300EC83
(88.600000) vcan0 101#0D37000028237647
(88.600000) vcan0 200#77120000EB0176FB
(88.600000) vcan0 201#F60992098C00769D
(88.600000) vcan0 300#000003F00000BB4B
(88.650000) vcan0 100#8A1A12FD0300ED90
(88.700000) vcan0 100#7D1A12FD0300EE64
(88.700000) vcan0 101#1F37000028237754
(88.700000) vcan0 200#65120000EB0177E8
(88.700000) vcan0 201#F60992098C00779C
(88.750000) vcan0 100#6F1A12FD0300EF77
(88.750000) vcan0 400#6A1D8B8C0C2B6330
(88.800000) vcan0 100#621A12FD0300F065
(88.800000) vcan0 101#3237000028237876
(88.800000) vcan0 200#52120000EB0178D0
(88.800000) vcan0 201#F60992098C007893
(88.800000) vcan0 300#000003F00000BC4C
(88.850000) vcan0 100#541A12FD0300F152
(88.900000) vcan0 100#471A12FD0300F242
(88.900000) vcan0 101#4537000028237900
(88.900000) vcan0 200#3F120000EB0179BC
(88.900000) vcan0 201#F60992098C007992
(88.950000) vcan0 100#391A12FD0300F33D
(89.000000) vcan0 100#2C1A12FD0300F42F
(89.000000) vcan0 101#5837000028237A1E
(89.000000) vcan0 200#2C120000EB017AAC
(89.000000) vcan0 201#F60992098C007A91
(89.000000) vcan0 300#000003F00000BD4D
(89.000000) vcan0 400#6A1DB78D0C2B640A
(89.000000) vcan0 500#CD008C00012AB2DD
(89.000000) vcan0 600#7A03000000005926
(89.050000) vcan0 100#1E1A12FD0300F51C
(89.100000) vcan0 100#111A12FD0300F610
(89.100000) vcan0 101#6A37000028237B2D
(89.100000) vcan0 200#1A120000EB017B9B
(89.100000) vcan0 201#F60992098C007B90
(89.150000) vcan0 100#031A12FD0300F703
(89.200000) vcan0 100#F61912FD0300F8FA
(89.200000) vcan0 101#7D37000028237C3D
(89.200000) vcan0 200#07120000EA017C80
(89.200000) vcan0 201#F60992098C007C97
(89.200000) vcan0 300#000003F00000BE4E
(89.250000) vcan0 100#E81912FD0300F9E5
(89.250000) vcan0 400#6A1DE18E0C2B655E
(89.300000) vcan0 100#DB1912FD0300FAD5
(89.300000) vcan0 101#8F37000028237DCE
(89.300000) vcan0 200#F4110000EA017D71
(89.300000) vcan0 201#F60992098C007D96
(89.350000) vcan0 100#CD1912FD0300FBC2
(89.400000) vcan0 100#C01912FD0300FCC8
(89.400000) vcan0 101#A137000028237EE3
(89.400000) vcan0 200#E1110000EA017E67
(89.400000) vcan0 201#F60992098C007E95
(89.400000) vcan0 300#000003F00000BF4F
(89.450000) vcan0 100#B21912FD0300FDBB
(89.500000) vcan0 100#A51912FD0300FEAF
(89.500000) vcan0 101#B437000028237FF7
(89.500000) vcan0 200#CF110000EA017F48
(89.500000) vcan0 201#F60992098C007F94
(89.500000) vcan0 400#6A1D0B900C2B66A9
(89.500000) vcan0 500#CD008C00012AB3DC
(89.550000) vcan0 100#971912FD0300FF9C
(89.600000) vcan0 100#8A1912FD0300007E
(89.600000) vcan0 101#C63700002823807A
(89.600000) vcan0 200#BC110000EA0180C4
(89.600000) vcan0 201#F60992098C00806B
(89.600000) vcan0 300#000003F00000C030
(89.650000) vcan0 100#7C1912FD03000189
(89.700000) vcan0 100#6F1912FD03000299
(89.700000) vcan0 101#D837000028238165
(89.700000) vcan0 200#A9110000EA0181D0
(89.700000) vcan0 201#F60992098C00816A
(89.750000) vcan0 100#611912FD03000396
(89.750000) vcan0 400#691D34910C2B6795
(89.800000) vcan0 100#541912FD030004A4
(89.800000) vcan0 101#EA37000028238254
(89.800000) vcan0 200#96110000E90182EF
(89.800000) vcan0 201#F60992098C008269
(89.800000) vcan0 300#000003F00000C131
(89.850000) vcan0 100#461912FD030005B7
(89.900000) vcan0 100#391912FD030006CB
(89.900000) vcan0 101#FC37000028238343
(89.900000) vcan0 200#84110000E90183FC
(89.900000) vcan0 201#F60992098C008368
(89.950000) vcan0 100#2B1912FD030007D8
(90.000000) vcan0 100#1E1912FD030008E2
(90.000000) vcan0 101#0E380000282384B9
(90.000000) vcan0 200#71110000E901840E
(90.000000) vcan0 201#F60992098C00846F
(90.000000) vcan0 300#000003F00000C232
(90.000000) vcan0 400#691D5D920C2B68F0
(90.000000) vcan0 500#CD008C00012AB4DB
(90.000000) vcan0 600#8403000000005ADB
(90.050000) vcan0 100#101912FD030009ED
(90.100000) vcan0 100#031912FD03000AFD
(90.100000) vcan0 101#2038000028238596
(90.100000) vcan0 200#5E110000E9018520
(90.100000) vcan0 201#F60992098C00856E
(90.150000) vcan0 100#F51812FD03000B0B
(90.200000) vcan0 100#E81812FD03000C11
(90.200000) vcan0 101#3238000028238687
(90.200000) vcan0 200#4B110000E9018636
(90.200000) vcan0 201#F60992098C00866D
(90.200000) vcan0 300#000003F00000C333
(90.250000) vcan0 100#DA1812FD03000D22
(90.250000) vcan0 400#681D85930C2B6929
(90.300000) vcan0 100#CD1812FD03000E36
(90.300000) vcan0 101#43380000282387F7
(90.300000) vcan0 200#39110000E9018745
(90.300000) vcan0 201#F60992098C00876C
(90.350000) vcan0 100#BF1812FD03000F45
(90.400000) vcan0 100#B21812FD03001057
(90.400000) vcan0 101#55380000282388EE
(90.400000) vcan0 200#26110000E9018855
(90.400000) vcan0 201#F60992098C008863
(90.400000) vcan0 300#000003F00000C434
(90.450000) vcan0 100#A41812FD03001140
(90.500000) vcan0 100#971812FD03001270
(90.500000) vcan0 101#66380000282389DC
(90.500000) vcan0 200#13110000E8018960
(90.500000) vcan0 201#F60992098C008962
(90.500000) vcan0 400#671DAD940C2B6A0A
(90.500000) vcan0 500#CD008C00012AB5DA
(90.550000) vcan0 100#891812FD0300136F
(90.600000) vcan0 100#7C1812FD0300149D
(90.600000) vcan0 101#7838000028238AC1
(90.600000) vcan0 200#00110000E8018A70
(90.600000) vcan0 201#F60992098C008A61
(90.600000) vcan0 300#000003F00000C535
(90.650000) vcan0 100#6E1812FD0300158E
(90.700000) vcan0 100#611812FD03001682
(90.700000) vcan0 101#8938000028238B31
(90.700000) vcan0 200#EE100000E8018B9E
(90.700000) vcan0 201#F60992098C008B60
(90.750000) vcan0 100#531812FD030017B1
(90.750000) vcan0 400#661DD4950C2B6B72
(90.800000) vcan0 100#461812FD030018AB
(90.800000) vcan0 101#9A38000028238C25
(90.800000) vcan0 200#DB100000E8018CAC
(90.800000) vcan0 201#F60992098C008C67
(90.800000) vcan0 300#000003F00000C636
(90.850000) vcan0 100#381812FD030019D4
(90.900000) vcan0 100#2B1812FD03001AC4
(90.900000) vcan0 101#AC38000028238D12
(90.900000) vcan0 200#C8100000E8018DBE
(90.900000) vcan0 201#F60992098C008D66
(90.950000) vcan0 100#1D1812FD03001BF3
(91.000000) vcan0 100#101812FD03001CF9
(91.000000) vcan0 101#BD38000028238E00
(91.000000) vcan0 200#B5100000E8018EC0
(91.000000) vcan0 201#F60992098C008E65
(91.000000) vcan0 300#000003F00000C737
(91.000000) vcan0 400#651DFA960C2B6C5B
(91.000000) vcan0 500#CD008C00012AB6D9
(91.000000) vcan0 600#8E03000000005BD0
(91.050000) vcan0 100#021812FD03001DEA
(91.100000) vcan0 100#F51712FD03001E11
(91.100000) vcan0 101#CE38000028238F72
(91.100000) vcan0 200#A3100000E7018FD8
(91.100000) vcan0 201#F60992098C008F64
(91.150000) vcan0 100#E71712FD03001F02
(91.200000) vcan0 100#DA1712FD03002000
(91.200000) vcan0 101#DF3800002823907C
(91.200000) vcan0 200#90100000E70190F4
(91.200000) vcan0 201#F60992098C00907B
(91.200000) vcan0 300#000003F00000C838
(91.250000) vcan0 100#CC1712FD03002117
(91.250000) vcan0 400#631D21980C2B6D89
(91.300000) vcan0 100#BF1712FD03002267
(91.300000) vcan0 101#F038000028239152
(91.300000) vcan0 200#7D100000E7019118
(91.300000) vcan0 201#F60992098C00917A
(91.350000) vcan0 100#B11712FD03002368
(91.400000) vcan0 100#A41712FD0300247A
(91.400000) vcan0 101#01390000282392A1
(91.400000) vcan0 200#6A100000E701920C
(91.400000) vcan0 201#F60992098C009279
(91.400000) vcan0 300#000003F00000C939
(91.450000) vcan0 100#961712FD03002549
(91.500000) vcan0 100#891712FD03002655
(91.500000) vcan0 101#11390000282393B0
(91.500000) vcan0 200#58100000E701933F
(91.500000) vcan0 201#F60992098C009378
(91.500000) vcan0 400#621D46990C2B6EED
(91.500000) vcan0 500#CD008C00012AB7D8
(91.550000) vcan0 100#7B1712FD030027A6
(91.600000) vcan0 100#6E1712FD030028BC
(91.600000) vcan0 101#2239000028239484
(91.600000) vcan0 200#45100000E7019425
(91.600000) vcan0 201#F60992098C00947F
(91.600000) vcan0 300#000003F00000CA3A
(91.650000) vcan0 100#601712FD030029B3
(91.700000) vcan0 100#531712FD03002A83
(91.700000) vcan0 101#3339000028239594
(91.700000) vcan0 200#32100000E7019553
(91.700000) vcan0 201#F60992098C00957E
(91.750000) vcan0 100#451712FD03002B94
(91.750000) vcan0 400#601D6C9A0C2B6FC7
(91.800000) vcan0 100#381712FD03002CEE
(91.800000) vcan0 101#43390000282396E7
(91.800000) vcan0 200#1F100000E601967C
(91.800000) vcan0 201#F60992098C00967D
(91.800000) vcan0 300#000003F00000CB3B
(91.850000) vcan0 100#2A1712FD03002DFD
(91.900000) vcan0 100#1D1712FD03002EC9
(91.900000) vcan0 101#54390000282397F1
(91.900000) vcan0 200#0D100000E601976F
(91.900000) vcan0 201#F60992098C00977C
(91.950000) vcan0 100#0F1712FD03002FDA
(92.000000) vcan0 100#021712FD030030C8
(92.000000) vcan0 101#64390000282398CE
(92.000000) vcan0 200#FA0F0000E6019888
(92.000000) vcan0 201#F60992098C009873
(92.000000) vcan0 300#000003F00000CC3C
(92.000000) vcan0 400#5F1D919B0C2B701B
(92.000000) vcan0 500#CD008C00012AB8D7
(92.000000) vcan0 600#9803000000005CC1
(92.050000) vcan0 100#F41612FD0300313E
(92.100000) vcan0 100#E71612FD0300322E
(92.100000) vcan0 101#74390000282399DF
(92.100000) vcan0 200#E70F0000E6019994
(92.100000) vcan0 201#F60992098C009972
(92.150000) vcan0 100#D91612FD03003311
(92.200000) vcan0 100#CC1612FD03003403
(92.200000) vcan0 101#8539000028239A2D
(92.200000) vcan0 200#D40F0000E6019AA4
(92.200000) vcan0 201#F60992098C009A71
(92.200000) vcan0 300#000003F00000CD3D
(92.250000) vcan0 100#BE1612FD03003570
(92.250000) vcan0 400#5D1DB69C0C2B7138
(92.300000) vcan0 100#B11612FD0300367C
(92.300000) vcan0 101#9539000028239B3C
(92.300000) vcan0 200#C20F0000E6019BB3
(92.300000) vcan0 201#F60992098C009B70
(92.350000) vcan0 100#A31612FD0300376F
(92.400000) vcan0 100#961612FD03003855
(92.400000) vcan0 101#A539000028239C0B
(92.400000) vcan0 200#AF0F0000E5019CDA
(92.400000) vcan0 201#F60992098C009C77
(92.400000) vcan0 300#000003F00000CE3E
(92.450000) vcan0 100#881612FD0300394A
(92.500000) vcan0 100#7B1612FD03003ABA
(92.500000) vcan0 101#B539000028239D1A
(92.500000) vcan0 200#9C0F0000E5019DE8
(92.500000) vcan0 201#F60992098C009D76
(92.500000) vcan0 400#5B1DDB9D0C2B7251
(92.500000) vcan0 500#CD008C00012AB9D6
(92.550000) vcan0 100#6D1612FD03003BAD
(92.600000) vcan0 100#601612FD03003CA7
(92.600000) vcan0 101#C539000028239E69
(92.600000) vcan0 200#890F0000E5019EFE
(92.600000) vcan0 201#F60992098C009E75
(92.600000) vcan0 300#000003F00000CF3F
(92.650000) vcan0 100#521612FD03003D94
(92.700000) vcan0 100#451612FD03003E80
(92.700000) vcan0 101#D539000028239F78
(92.700000) vcan0 200#770F0000E5019F01
(92.700000) vcan0 201#F60992098C009F74
(92.750000) vcan0 100#371612FD03003FF3
(92.750000) vcan0 400#591D009F0C2B738B
(92.800000) vcan0 100#2A1612FD03004091
(92.800000) vcan0 101#E53900002823A077
(92.800000) vcan0 200#640F0000E501A02D
(92.800000) vcan0 201#F60992098C00A04B
(92.800000) vcan0 300#000003F00000D020
(92.850000) vcan0 100#1C1612FD030041A6
(92.900000) vcan0 100#0F1612FD030042B6
(92.900000) vcan0 101#F43900002823A167
(92.900000) vcan0 200#510F0000E501A119
(92.900000) vcan0 201#F60992098C00A14A
(92.950000) vcan0 100#011612FD030043B9
(93.000000) vcan0 100#F41512FD03004448
(93.000000) vcan0 101#043A00002823A297
(93.000000) vcan0 200#3E0F0000E501A275
(93.000000) vcan0 201#F60992098C00A249
(93.000000) vcan0 300#000003F00000D121
(93.000000) vcan0 400#571D24A00C2B7499
(93.000000) vcan0 500#CD008C00012ABAD5
(93.000000) vcan0 600#A203000000005DFA
(93.050000) vcan0 100#E61512FD0300455B
(93.100000) vcan0 100#D91512FD03004667
(93.100000) vcan0 101#143A00002823A386
(93.100000) vcan0 200#2C0F0000E401A367
(93.100000) vcan0 201#F60992098C00A348
(93.150000) vcan0 100#CB1512FD03004774
(93.200000) vcan0 100#BE1512FD0300480E
(93.200000) vcan0 101#233A00002823A4B6
(93.200000) vcan0 200#190F0000E401A455
(93.200000) vcan0 201#F60992098C00A44F
(93.200000) vcan0 300#000003F00000D222
(93.250000) vcan0 100#B01512FD03004901
(93.250000) vcan0 400#551D49A10C2B75F6
(93.300000) vcan0 100#A31512FD03004A11
(93.300000) vcan0 101#323A00002823A5A6
(93.300000) vcan0 200#060F0000E401A54B
(93.300000) vcan0 201#F60992098C00A54E
(93.350000) vcan0 100#951512FD03004B26
(93.400000) vcan0 100#881512FD03004C3C
(93.400000) vcan0 101#423A00002823A6D5
(93.400000) vcan0 200#F30E0000E401A6BC
(93.400000) vcan0 201#F60992098C00A64D
(93.400000) vcan0 300#000003F00000D323
(93.450000) vcan0 100#7A1512FD03004DCF
(93.500000) vcan0 100#6D1512FD03004EDB
(93.500000) vcan0 101#513A00002823A7C7
(93.500000) vcan0 200#E10E0000E401A7AF
(93.500000) vcan0 201#F60992098C00A74C
(93.500000) vcan0 400#531D6EA20C2B76D7
(93.500000) vcan0 500#CD008C00012ABBD4
(93.550000) vcan0 100#5F1512FD03004FE8
(93.600000) vcan0 100#521512FD030050FA
(93.600000) vcan0 101#603A00002823A8F9
(93.600000) vcan0 200#CE0E0000E401A88F
(93.600000) vcan0 201#F60992098C00A843
(93.600000) vcan0 300#000003F00000D424
(93.650000) vcan0 100#441512FD030051ED
(93.700000) vcan0 100#371512FD0300529D
(93.700000) vcan0 101#6F3A00002823A9F7
(93.700000) vcan0 200#BB0E0000E401A9FB
(93.700000) vcan0 201#F60992098C00A942
(93.750000) vcan0 100#291512FD03005382
(93.750000) vcan0 400#501D92A30C2B7728
(93.800000) vcan0 100#1C1512FD030054B0
(93.800000) vcan0 101#7E3A00002823AAE5
(93.800000) vcan0 200#A80E0000E301AAEC
(93.800000) vcan0 201#F60992098C00AA41
(93.800000) vcan0 300#000003F00000D525
(93.850000) vcan0 100#0E1512FD030055A3
(93.900000) vcan0 100#011512FD030056AF
(93.900000) vcan0 101#8D3A00002823AB17
(93.900000) vcan0 200#960E0000E301ABD3
(93.900000) vcan0 201#F60992098C00AB40
(93.950000) vcan0 100#F31412FD0300575D
(94.000000) vcan0 100#E61412FD03005847
(94.000000) vcan0 101#9C3A00002823AC01
(94.000000) vcan0 200#830E0000E301ACC1
(94.000000) vcan0 201#F60992098C00AC47
(94.000000) vcan0 300#000003F00000D626
(94.000000) vcan0 400#4E1DB7A40C2B781B
(94.000000) vcan0 500#CD008C00012ABCD3
(94.000000) vcan0 600#AC03000000005EF7
(94.050000) vcan0 100#D81412FD03005978
(94.100000) vcan0 100#CB1412FD03005A68
(94.100000) vcan0 101#AB3A00002823AD37
(94.100000) vcan0 200#700E0000E301AD33
(94.100000) vcan0 201#F60992098C00AD46
(94.150000) vcan0 100#BD1412FD03005B1F
(94.200000) vcan0 100#B01412FD03005C15
(94.200000) vcan0 101#BA3A00002823AE25
(94.200000) vcan0 200#5D0E0000E301AE1D
(94.200000) vcan0 201#F60992098C00AE45
(94.200000) vcan0 300#000003F00000D727
(94.250000) vcan0 100#A21412FD03005D06
(94.250000) vcan0 400#4C1DDCA50C2B7972
(94.300000) vcan0 100#951412FD03005E32
(94.300000) vcan0 101#C93A00002823AF57
(94.300000) vcan0 200#4B0E0000E301AF0A
(94.300000) vcan0 201#F60992098C00AF44
(94.350000) vcan0 100#871412FD03005F21
(94.400000) vcan0 100#7A1412FD030060E3
(94.400000) vcan0 101#D73A00002823B056
(94.400000) vcan0 200#380E0000E201B067
(94.400000) vcan0 201#F60992098C00B05B
(94.400000) vcan0 300#000003F00000D828
(94.450000) vcan0 100#6C1412FD030061F4
(94.500000) vcan0 100#5F1412FD030062C4
(94.500000) vcan0 101#E63A00002823B166
(94.500000) vcan0 200#250E0000E201B17B
(94.500000) vcan0 201#F60992098C00B15A
(94.500000) vcan0 400#4A1D01A70C2B7AA8
(94.500000) vcan0 500#CD008C00012ABDD2
(94.550000) vcan0 100#511412FD030063CB
(94.600000) vcan0 100#441412FD030064D9
(94.600000) vcan0 101#F43A00002823B277
(94.600000) vcan0 200#120E0000E201B24F
(94.600000) vcan0 201#F60992098C00B259
(94.600000) vcan0 300#000003F00000D929
(94.650000) vcan0 100#361412FD030065AA
(94.700000) vcan0 100#291412FD030066B6
(94.700000) vcan0 101#033B00002823B380
(94.700000) vcan0 200#000E0000E201B35C
(94.700000) vcan0 201#F60992098C00B358
(94.750000) vcan0 100#1B1412FD03006785
(94.750000) vcan0 400#471D26A80C2B7B8C
(94.800000) vcan0 100#0E1412FD0300689F
(94.800000) vcan0 101#113B00002823B495
(94.800000) vcan0 200#ED0D0000E201B4B5
(94.800000) vcan0 201#F60992098C00B45F
(94.800000) vcan0 300#000003F00000DA2A
(94.850000) vcan0 100#001412FD03006990
(94.900000) vcan0 100#F31312FD03006A67
(94.900000) vcan0 101#1F3B00002823B59A
(94.900000) vcan0 200#DA0D0000E201B583
(94.900000) vcan0 201#F60992098C00B55E
(94.950000) vcan0 100#E51312FD03006B70
(95.000000) vcan0 100#D81312FD03006C4A
(95.000000) vcan0 101#2D3B00002823B6AB
(95.000000) vcan0 200#C70D0000E201B69D
(95.000000) vcan0 201#F60992098C00B65D
(95.000000) vcan0 300#000003F00000DB2B
(95.000000) vcan0 400#451D4CA90C2B7CE2
(95.000000) vcan0 500#CD008C00012ABED1
(95.000000) vcan0 600#B603000000005FEC
(95.050000) vcan0 100#CA1312FD03006D59
(95.100000) vcan0 100#BD1312FD03006E2D
(95.100000) vcan0 101#3B3B00002823B7BC
(95.100000) vcan0 200#B50D0000E101B7ED
(95.100000) vcan0 201#F60992098C00B75C
(95.150000) vcan0 100#AF1312FD03006F3E
(95.200000) vcan0 100#A21312FD0300702C
(95.200000) vcan0 101#493B00002823B8C1
(95.200000) vcan0 200#A20D0000E101B8F5
(95.200000) vcan0 201#F60992098C00B853
(95.200000) vcan0 300#000003F00000DC2C
(95.250000) vcan0 100#941312FD0300711B
(95.250000) vcan0 400#431D72AA0C2B7DD8
(95.300000) vcan0 100#871312FD0300720B
(95.300000) vcan0 101#573B00002823B9DE
(95.300000) vcan0 200#8F0D0000E101B9D9
(95.300000) vcan0 201#F60992098C00B952
(95.350000) vcan0 100#791312FD030073F4
(95.400000) vcan0 100#6C1312FD030074E6
(95.400000) vcan0 101#653B00002823BAEF
(95.400000) vcan0 200#7C0D0000E101BA29
(95.400000) vcan0 201#F60992098C00BA51
(95.400000) vcan0 300#000003F00000DD2D
(95.450000) vcan0 100#5E1312FD030075D5
(95.500000) vcan0 100#511312FD030076D9
(95.500000) vcan0 101#733B00002823BBF8
(95.500000) vcan0 200#6A0D0000E101BB3E
(95.500000) vcan0 201#F60992098C00BB50
(95.500000) vcan0 400#411D98AB0C2B7E32
(95.500000) vcan0 500#CD008C00012ABFD0
(95.550000) vcan0 100#431312FD030077CA
(95.600000) vcan0 100#361312FD030078B0
(95.600000) vcan0 101#813B00002823BC0D
(95.600000) vcan0 200#570D0000E101BC04
(95.600000) vcan0 201#F60992098C00BC57
(95.600000) vcan0 300#000003F00000DE2E
(95.650000) vcan0 100#281312FD030079AF
(95.700000) vcan0 100#1B1312FD03007A9F
(95.700000) vcan0 101#8E3B00002823BD03
(95.700000) vcan0 200#440D0000E101BD16
(95.700000) vcan0 201#F60992098C00BD56
(95.750000) vcan0 100#0D1312FD03007B88
(95.750000) vcan0 400#3F1DBEAC0C2B7F6C
(95.800000) vcan0 100#001312FD03007C82
(95.800000) vcan0 101#9C3B00002823BE12
(95.800000) vcan0 200#310D0000E001BE61
(95.800000) vcan0 201#F60992098C00BE55
(95.800000) vcan0 300#000003F00000DF2F
(95.850000) vcan0 100#F21212FD03007D70
(95.900000) vcan0 100#E51212FD03007E64
(95.900000) vcan0 101#A93B00002823BF26
(95.900000) vcan0 200#1F0D0000E001BF4E
(95.900000) vcan0 201#F60992098C00BF54
(95.950000) vcan0 100#D71212FD03007F57
(96.000000) vcan0 100#CA1212FD030080B5
(96.000000) vcan0 101#B73B00002823C047
(96.000000) vcan0 200#0C0D0000E001C022
(96.000000) vcan0 201#F60992098C00C02B
(96.000000) vcan0 300#000003F00000E010
(96.000000) vcan0 400#3D1DE5AD0C2B80CB
(96.000000) vcan0 500#CD008C00012AC0AF
(96.000000) vcan0 600#C0030000000060A5
(96.050000) vcan0 100#BC1212FD030081C2
(96.100000) vcan0 100#AF1212FD030082D2
(96.100000) vcan0 101#C43B00002823C135
(96.100000) vcan0 200#F90C0000E001C1D7
(96.100000) vcan0 201#F60992098C00C12A
(96.150000) vcan0 100#A11212FD030083DD
(96.200000) vcan0 100#941212FD030084EF
(96.200000) vcan0 101#D13B00002823C223
(96.200000) vcan0 200#E60C0000E001C2CB
(96.200000) vcan0 201#F60992098C00C229
(96.200000) vcan0 300#000003F00000E111
(96.250000) vcan0 100#861212FD030085FC
(96.250000) vcan0 400#3B1D0CAF0C2B8127
(96.300000) vcan0 100#791212FD03008600
(96.300000) vcan0 101#DE3B00002823C32D
(96.300000) vcan0 200#D40C0000E001C3F8
(96.300000) vcan0 201#F60992098C00C328
(96.350000) vcan0 100#6B1212FD03008713
(96.400000) vcan0 100#5E1212FD03008829
(96.400000) vcan0 101#EB3B00002823C41F
(96.400000) vcan0 200#C10C0000E001C4EA
(96.400000) vcan0 201#F60992098C00C42F
(96.400000) vcan0 300#000003F00000E212
(96.450000) vcan0 100#501212FD03008926
(96.500000) vcan0 100#431212FD03008A36
(96.500000) vcan0 101#F83B00002823C50D
(96.500000) vcan0 200#AE0C0000DF01C5BB
(96.500000) vcan0 201#F60992098C00C52E
(96.500000) vcan0 400#391D34B00C2B8201
(96.500000) vcan0 500#CD008C00012AC1AE
(96.550000) vcan0 100#351212FD03008B41
(96.600000) vcan0 100#281212FD03008C5B
(96.600000) vcan0 101#053C00002823C6F4
(96.600000) vcan0 200#9B0C0000DF01C68D
(96.600000) vcan0 201#F60992098C00C62D
(96.600000) vcan0 300#000003F00000E313
(96.650000) vcan0 100#1A1212FD03008D68
(96.700000) vcan0 100#0D1212FD03008E7C
(96.700000) vcan0 101#123C00002823C7E2
(96.700000) vcan0 200#890C0000DF01C79E
(96.700000) vcan0 201#F60992098C00C72C
(96.750000) vcan0 100#FF1112FD03008F8C
(96.750000) vcan0 400#381D5CB10C2B8368
(96.800000) vcan0 100#F21112FD0300909E
(96.800000) vcan0 101#1F3C00002823C8E0
(96.800000) vcan0 200#760C0000DF01C86E
(96.800000) vcan0 201#F60992098C00C823
(96.800000) vcan0 300#000003F00000E414
(96.850000) vcan0 100#E41112FD03009189
(96.900000) vcan0 100#D71112FD030092B9
(96.900000) vcan0 101#2C3C00002823C9D2
(96.900000) vcan0 200#630C0000DF01C97A
(96.900000) vcan0 201#F60992098C00C922
(96.950000) vcan0 100#C91112FD030093A6
(97.000000) vcan0 100#BC1112FD030094D4
(97.000000) vcan0 101#383C00002823CAC5
(97.000000) vcan0 200#500C0000DF01CA4A
(97.000000) vcan0 201#F60992098C00CA21
(97.000000) vcan0 300#000003F00000E515
(97.000000) vcan0 400#361D85B20C2B84BB
(97.000000) vcan0 500#CD008C00012AC2AD
(97.000000) vcan0 600#CA030000000061AE
(97.050000) vcan0 100#AE1112FD030095C7
(97.100000) vcan0 100#A11112FD030096CB
(97.100000) vcan0 101#453C00002823CBB9
(97.100000) vcan0 200#3E0C0000DF01CB25
(97.100000) vcan0 201#F60992098C00CB20
(97.150000) vcan0 100#931112FD030097F8
(97.200000) vcan0 100#861112FD030098E2
(97.200000) vcan0 101#513C00002823CCAA
(97.200000) vcan0 200#2B0C0000DE01CC36
(97.200000) vcan0 201#F60992098C00CC27
(97.200000) vcan0 300#000003F00000E616
(97.250000) vcan0 100#781112FD0300991D
(97.250000) vcan0 400#341DADB30C2B8591
(97.300000) vcan0 100#6B1112FD03009A0D
(97.300000) vcan0 101#5E3C00002823CDA4
(97.300000) vcan0 200#180C0000DE01CD04
(97.300000) vcan0 201#F60992098C00CD26
(97.350000) vcan0 100#5D1112FD03009B3A
(97.400000) vcan0 100#501112FD03009C30
(97.400000) vcan0 101#6A3C00002823CE93
(97.400000) vcan0 200#050C0000DE01CE1A
(97.400000) vcan0 201#F60992098C00CE25
(97.400000) vcan0 300#000003F00000E717
(97.450000) vcan0 100#421112FD03009D23
(97.500000) vcan0 100#351112FD03009E57
(97.500000) vcan0 101#773C00002823CF8F
(97.500000) vcan0 200#F30B0000DE01CFEA
(97.500000) vcan0 201#F60992098C00CF24
(97.500000) vcan0 400#331DD7B40C2B86E8
(97.500000) vcan0 500#CD008C00012AC3AC
(97.550000) vcan0 100#271112FD03009F44
(97.600000) vcan0 100#1A1112FD0300A046
(97.600000) vcan0 101#833C00002823D064
(97.600000) vcan0 200#E00B0000DE01D0E6
(97.600000) vcan0 201#F60992098C00D03B
(97.600000) vcan0 300#000003F00000E818
(97.650000) vcan0 100#0C1112FD0300A151
(97.700000) vcan0 100#FF1012FD0300A2A0
(97.700000) vcan0 101#8F3C00002823D169
(97.700000) vcan0 200#CD0B0000DE01D1CA
(97.700000) vcan0 201#F60992098C00D13A
(97.750000) vcan0 100#F11012FD0300A3AF
(97.750000) vcan0 400#321D01B60C2B873C
(97.800000) vcan0 100#E41012FD0300A4BD
(97.800000) vcan0 101#9B3C00002823D27E
(97.800000) vcan0 200#BA0B0000DE01D2BE
(97.800000) vcan0 201#F60992098C00D239
(97.800000) vcan0 300#000003F00000E919
(97.850000) vcan0 100#D61012FD0300A58E
(97.900000) vcan0 100#C91012FD0300A692
(97.900000) vcan0 101#A73C00002823D343
(97.900000) vcan0 200#A80B0000DD01D3AE
(97.900000) vcan0 201#F60992098C00D338
(97.950000) vcan0 100#BB1012FD0300A7E1
(98.000000) vcan0 100#AE1012FD0300A8FB
(98.000000) vcan0 101#B33C00002823D450
(98.000000) vcan0 200#950B0000DD01D494
(98.000000) vcan0 201#F60992098C00D43F
(98.000000) vcan0 300#000003F00000EA1A
(98.000000) vcan0 400#311D2BB70C2B881B
(98.000000) vcan0 500#CD008C00012AC4AB
(98.000000) vcan0 600#D4030000000062B3
(98.050000) vcan0 100#A01012FD0300A9F4
(98.100000) vcan0 100#931012FD0300AAC4
(98.100000) vcan0 101#BF3C00002823D55D
(98.100000) vcan0 200#820B0000DD01D582
(98.100000) vcan0 201#F60992098C00D53E
(98.150000) vcan0 100#851012FD0300ABD3
(98.200000) vcan0 100#781012FD0300AC29
(98.200000) vcan0 101#CA3C00002823D62B
(98.200000) vcan0 200#6F0B0000DD01D66C
(98.200000) vcan0 201#F60992098C00D63D
(98.200000) vcan0 300#000003F00000EB1B
(98.250000) vcan0 100#6A1012FD0300AD3A
(98.250000) vcan0 400#301D56B80C2B8969
(98.300000) vcan0 100#5D1012FD0300AE0E
(98.300000) vcan0 101#D63C00002823D736
(98.300000) vcan0 200#5D0B0000DD01D75F
(98.300000) vcan0 201#F60992098C00D73C
(98.350000) vcan0 100#4F1012FD0300AF1D
(98.400000) vcan0 100#421012FD0300B00F
(98.400000) vcan0 101#E23C00002823D80D
(98.400000) vcan0 200#4A0B0000DD01D847
(98.400000) vcan0 201#F60992098C00D833
(98.400000) vcan0 300#000003F00000EC1C
(98.450000) vcan0 100#341012FD0300B178
(98.500000) vcan0 100#271012FD0300B268
(98.500000) vcan0 101#ED3C00002823D903
(98.500000) vcan0 200#370B0000DD01D93B
(98.500000) vcan0 201#F60992098C00D932
(98.500000) vcan0 400#2F1D81B90C2B8AA3
(98.500000) vcan0 500#CD008C00012AC5AA
(98.550000) vcan0 100#191012FD0300B357
(98.600000) vcan0 100#0C1012FD0300B445
(98.600000) vcan0 101#F93C00002823DA14
(98.600000) vcan0 200#240B0000DC01DA2A
(98.600000) vcan0 201#F60992098C00DA31
(98.600000) vcan0 300#000003F00000ED1D
(98.650000) vcan0 100#FE0F12FD0300B5A9
(98.700000) vcan0 100#F10F12FD0300B6A5
(98.700000) vcan0 101#043D00002823DBE9
(98.700000) vcan0 200#120B0000DC01DB1D
(98.700000) vcan0 201#F60992098C00DB30
(98.750000) vcan0 100#E30F12FD0300B7B6
(98.750000) vcan0 400#2F1DADBA0C2B8B8D
(98.800000) vcan0 100#D60F12FD0300B88C
(98.800000) vcan0 101#0F3D00002823DCE5
(98.800000) vcan0 200#FF0A0000DC01DCF6
(98.800000) vcan0 201#F60992098C00DC37
(98.800000) vcan0 300#000003F00000EE1E
(98.850000) vcan0 100#C80F12FD0300B993
(98.900000) vcan0 100#BB0F12FD0300BAE3
(98.900000) vcan0 101#1A3D00002823DDF1
(98.900000) vcan0 200#EC0A0000DC01DDE4
(98.900000) vcan0 201#F60992098C00DD36
(98.950000) vcan0 100#AD0F12FD0300BBF4
(99.000000) vcan0 100#A00F12FD0300BCFE
(99.000000) vcan0 101#263D00002823DECE
(99.000000) vcan0 200#D90A0000DC01DED2
(99.000000) vcan0 201#F60992098C00DE35
(99.000000) vcan0 300#000003F00000EF1F
(99.000000) vcan0 400#2E1DD9BB0C2B8CFE
(99.000000) vcan0 500#CD008C00012AC6A9
(99.000000) vcan0 600#DE030000000063B8
(99.050000) vcan0 100#920F12FD0300BDCD
(99.100000) vcan0 100#850F12FD0300BED9
(99.100000) vcan0 101#313D00002823DFD8
(99.100000) vcan0 200#C70A0000DC01DFCD
(99.100000) vcan0 201#F60992098C00DF34
(99.150000) vcan0 100#770F12FD0300BF2A
(99.200000) vcan0 100#6A0F12FD0300C048
(99.200000) vcan0 101#3C3D00002823E0EA
(99.200000) vcan0 200#B40A0000DC01E081
(99.200000) vcan0 201#F60992098C00E00B
(99.200000) vcan0 300#000003F00000F000
(99.250000) vcan0 100#5C0F12FD0300C17F
(99.250000) vcan0 400#2E1D06BD0C2B8D26
(99.300000) vcan0 100#4F0F12FD0300C26F
(99.300000) vcan0 101#473D00002823E190
(99.300000) vcan0 200#A10A0000DB01E192
(99.300000) vcan0 201#F60992098C00E10A
(99.350000) vcan0 100#410F12FD0300C360
(99.400000) vcan0 100#340F12FD0300C412
(99.400000) vcan0 101#513D00002823E285
(99.400000) vcan0 200#8E0A0000DB01E2BE
(99.400000) vcan0 201#F60992098C00E209
(99.400000) vcan0 300#000003F00000F101
(99.450000) vcan0 100#260F12FD0300C501
(99.500000) vcan0 100#190F12FD0300C63D
(99.500000) vcan0 101#5C3D00002823E389
(99.500000) vcan0 200#7C0A0000DB01E34D
(99.500000) vcan0 201#F60992098C00E308
(99.500000) vcan0 400#2E1D33BE0C2B8E13
(99.500000) vcan0 500#CD008C00012AC7A8
(99.550000) vcan0 100#0B0F12FD0300C72E
(99.600000) vcan0 100#FE0E12FD0300C8D5
(99.600000) vcan0 101#673D00002823E4B5
(99.600000) vcan0 200#690A0000DB01E45F
(99.600000) vcan0 201#F60992098C00E40F
(99.600000) vcan0 300#000003F00000F202
(99.650000) vcan0 100#F00E12FD0300C9DA
(99.700000) vcan0 100#E30E12FD0300CACA
(99.700000) vcan0 101#723D00002823E5A1
(99.700000) vcan0 200#560A0000DB01E561
(99.700000) vcan0 201#F60992098C00E50E
(99.750000) vcan0 100#D50E12FD0300CBFD
(99.750000) vcan0 400#2E1D60BF0C2B8F40
(99.800000) vcan0 100#C80E12FD0300CCE7
(99.800000) vcan0 101#7C3D00002823E6AC
(99.800000) vcan0 200#430A0000DB01E677
(99.800000) vcan0 201#F60992098C00E60D
(99.800000) vcan0 300#000003F00000F303
(99.850000) vcan0 100#BA0E12FD0300CD94
(99.900000) vcan0 100#AD0E12FD0300CE80
(99.900000) vcan0 101#873D00002823E756
(99.900000) vcan0 200#310A0000DB01E704
(99.900000) vcan0 201#F60992098C00E70C
(99.950000) vcan0 100#9F0E12FD0300CFB3
(100.000000) vcan0 100#920E12FD0300D0A1
(100.000000) vcan0 101#913D00002823E84F
(100.000000) vcan0 200#1E0A0000DA01E825
(100.000000) vcan0 201#F60992098C00E803
(100.000000) vcan0 300#000003F00000F404
(100.000000) vcan0 400#2E1D8EC00C2B90CE
(100.000000) vcan0 500#CD008C00012AC8A7
(100.000000) vcan0 600#E803000000006489
(100.050000) vcan0 100#840E12FD0300D1B6
(100.100000) vcan0 100#770E12FD0300D246
(100.100000) vcan0 101#9B3D00002823E944
(100.100000) vcan0 200#0B0A0000DA01E931
(100.100000) vcan0 201#F60992098C00E902
(100.150000) vcan0 100#690E12FD0300D359
(100.200000) vcan0 100#5C0E12FD0300D46B
(100.200000) vcan0 101#A63D00002823EA7A
(100.200000) vcan0 200#F8090000DA01EAC2
(100.200000) vcan0 201#F60992098C00EA01
(100.200000) vcan0 300#000003F00000F505
(100.250000) vcan0 100#4E0E12FD0300D578
(100.250000) vcan0 400#2F1DBCC10C2B91FD
(100.300000) vcan0 100#410E12FD0300D674
(100.300000) vcan0 101#B03D00002823EB6D
(100.300000) vcan0 200#E6090000DA01EBDD
(100.300000) vcan0 201#F60992098C00EB00
(100.350000) vcan0 100#330E12FD0300D707
(100.400000) vcan0 100#260E12FD0300D81D
(100.400000) vcan0 101#BA3D00002823EC60
(100.400000) vcan0 200#D3090000DA01ECEF
(100.400000) vcan0 201#F60992098C00EC07
(100.400000) vcan0 300#000003F00000F606
(100.450000) vcan0 100#180E12FD0300D922
(100.500000) vcan0 100#0B0E12FD0300DA32
(100.500000) vcan0 101#C43D00002823ED1F
(100.500000) vcan0 200#C0090000DA01EDFD
(100.500000) vcan0 201#F60992098C00ED06
(100.500000) vcan0 400#2F1DEBC20C2B92AA
(100.500000) vcan0 500#CD008C00012AC9A6
(100.550000) vcan0 100#FD0D12FD0300DBC6
(100.600000) vcan0 100#F00D12FD0300DCCC
(100.600000) vcan0 101#CE3D00002823EE16
(100.600000) vcan0 200#AD090000DA01EE93
(100.600000) vcan0 201#F60992098C00EE05
(100.600000) vcan0 300#000003F00000F707
(100.650000) vcan0 100#E20D12FD0300DDDF
(100.700000) vcan0 100#D50D12FD0300DEEB
(100.700000) vcan0 101#D83D00002823EF01
(100.700000) vcan0 200#9B090000DA01EFA4
(100.700000) vcan0 201#F60992098C00EF04
(100.750000) vcan0 100#C70D12FD0300DFF8
(100.750000) vcan0 400#301D1AC40C2B9343
(100.800000) vcan0 100#BA0D12FD0300E0BA
(100.800000) vcan0 101#E13D00002823F027
(100.800000) vcan0 200#88090000D901F0AB
(100.800000) vcan0 201#F60992098C00F01B
(100.800000) vcan0 300#000003F00000F808
(100.850000) vcan0 100#AC0D12FD0300E1AD
(100.900000) vcan0 100#9F0D12FD0300E29D
(100.900000) vcan0 101#EB3D00002823F12C
(100.900000) vcan0 200#75090000D901F157
(100.900000) vcan0 201#F60992098C00F11A
(100.950000) vcan0 100#910D12FD0300E392
(101.000000) vcan0 100#840D12FD0300E480
(101.000000) vcan0 101#F53D00002823F231
(101.000000) vcan0 200#62090000D901F243
(101.000000) vcan0 201#F60992098C00F219
(101.000000) vcan0 300#000003F00000F909
(101.000000) vcan0 400#311D49C50C2B9417
(101.000000) vcan0 500#CD008C00012ACAA5
(101.000000) vcan0 600#F203000000006592
(101.050000) vcan0 100#760D12FD0300E573
(101.100000) vcan0 100#690D12FD0300E66F
(101.100000) vcan0 101#FE3D00002823F33B
(101.100000) vcan0 200#50090000D901F370
(101.100000) vcan0 201#F60992098C00F318
(101.150000) vcan0 100#5B0D12FD0300E75C
(101.200000) vcan0 100#4E0D12FD0300E846
(101.200000) vcan0 101#083E00002823F4C9
(101.200000) vcan0 200#3D090000D901F41A
(101.200000) vcan0 201#F60992098C00F41F
(101.200000) vcan0 300#000003F00000FA0A
(101.250000) vcan0 100#400D12FD0300E949
(101.250000) vcan0 400#321D78C60C2B9527
(101.300000) vcan0 100#330D12FD0300EA39
(101.300000) vcan0 101#113E00002823F5D1
(101.300000) vcan0 200#2A090000D901F50C
(101.300000) vcan0 201#F60992098C00F51E
(101.350000) vcan0 100#250D12FD0300EB2E
(101.400000) vcan0 100#180D12FD0300EC14
(101.400000) vcan0 101#1B3E00002823F6D8
(101.400000) vcan0 200#17090000D901F632
(101.400000) vcan0 201#F60992098C00F61D
(101.400000) vcan0 300#000003F00000FB0B
(101.450000) vcan0 100#0A0D12FD0300ED07
(101.500000) vcan0 100#FD0C12FD0300EEF2
(101.500000) vcan0 101#243E00002823F7E6
(101.500000) vcan0 200#05090000D801F720
(101.500000) vcan0 201#F60992098C00F71C
(101.500000) vcan0 400#331DA7C70C2B96FB
(101.500000) vcan0 500#CD008C00012ACBA4
(101.550000) vcan0 100#EF0C12FD0300EFE1
(101.600000) vcan0 100#E20C12FD0300F0F3
(101.600000) vcan0 101#2D3E00002823F8E0
(101.600000) vcan0 200#F2080000D801F8D9
(101.600000) vcan0 201#F60992098C00F813
(101.600000) vcan0 300#000003F00000FC0C
(101.650000) vcan0 100#D40C12FD0300F1C4
(101.700000) vcan0 100#C70C12FD0300F2D4
(101.700000) vcan0 101#363E00002823F9FA
(101.700000) vcan0 200#DF080000D801F9F5
(101.700000) vcan0 201#F60992098C00F912
(101.750000) vcan0 100#B90C12FD0300F3AB
(101.750000) vcan0 400#351DD7C80C2B9783
(101.800000) vcan0 100#AC0C12FD0300F4B9
(101.800000) vcan0 101#3F3E00002823FAF0
(101.800000) vcan0 200#CC080000D801FAE5
(101.800000) vcan0 201#F60992098C00FA11
(101.800000) vcan0 300#000003F00000FD0D
(101.850000) vcan0 100#9E0C12FD0300F58A
(101.900000) vcan0 100#910C12FD0300F686
(101.900000) vcan0 101#483E00002823FB86
(101.900000) vcan0 200#BA080000D801FB92
(101.900000) vcan0 201#F60992098C00FB10
(101.950000) vcan0 100#830C12FD0300F795
(102.000000) vcan0 100#760C12FD0300F86F
(102.000000) vcan0 101#513E00002823FC98
(102.000000) vcan0 200#A7080000D801FC88
(102.000000) vcan0 201#F60992098C00FC17
(102.000000) vcan0 300#000003F00000FE0E
(102.000000) vcan0 400#361D07CA0C2B985D
(102.000000) vcan0 500#CD008C00012ACCA3
(102.000000) vcan0 600#FC0300000000669F
(102.050000) vcan0 100#680C12FD0300F970
(102.100000) vcan0 100#5B0C12FD0300FA40
(102.100000) vcan0 101#5A3E00002823FD92
(102.100000) vcan0 200#94080000D801FDBA
(102.100000) vcan0 201#F60992098C00FD16
(102.150000) vcan0 100#4D0C12FD0300FB57
(102.200000) vcan0 100#400C12FD0300FC5D
(102.200000) vcan0 101#633E00002823FEA8
(102.200000) vcan0 200#81080000D701FEA3
(102.200000) vcan0 201#F60992098C00FE15
(102.200000) vcan0 300#000003F00000FF0F
(102.250000) vcan0 100#320C12FD0300FD2E
(102.250000) vcan0 400#381D36CB0C2B9962
(102.300000) vcan0 100#250C12FD0300FE3A
(102.300000) vcan0 101#6B3E00002823FFA1
(102.300000) vcan0 200#6F080000D701FF4C
(102.300000) vcan0 201#F60992098C00FF14
(102.350000) vcan0 100#170C12FD0300FF09
(102.400000) vcan0 100#0A0C12FD030000EB
(102.400000) vcan0 101#743E000028230041
(102.400000) vcan0 200#5C080000D7010080
(102.400000) vcan0 201#F60992098C0000EB
(102.400000) vcan0 300#000003F0000000F0
(102.450000) vcan0 100#FC0B12FD0300011B
(102.500000) vcan0 100#EF0B12FD0300020B
(102.500000) vcan0 101#7D3E000028230149
(102.500000) vcan0 200#49080000D7010194
(102.500000) vcan0 201#F60992098C0001EA
(102.500000) vcan0 400#391D66CC0C2B9A37
(102.500000) vcan0 500#CD008C00012ACDA2
(102.550000) vcan0 100#E10B12FD03000304
(102.600000) vcan0 100#D40B12FD03000436
(102.600000) vcan0 101#853E0000282302B2
(102.600000) vcan0 200#36080000D70102E8
(102.600000) vcan0 201#F60992098C0002E9
(102.600000) vcan0 300#000003F0000001F1
(102.650000) vcan0 100#C60B12FD03000525
(102.700000) vcan0 100#B90B12FD03000659
(102.700000) vcan0 101#8D3E0000282303BB
(102.700000) vcan0 200#24080000D70103FB
(102.700000) vcan0 201#F60992098C0003E8
(102.750000) vcan0 100#AB0B12FD0300074A
(102.750000) vcan0 400#3B1D96CD0C2B9BC5
(102.800000) vcan0 100#9E0B12FD03000870
(102.800000) vcan0 101#963E0000282304A7
(102.800000) vcan0 200#11080000D70104C9
(102.800000) vcan0 201#F60992098C0004EF
(102.800000) vcan0 300#000003F0000002F2
(102.850000) vcan0 100#900B12FD0300097F
(102.900000) vcan0 100#830B12FD03000A6F
(102.900000) vcan0 101#9E3E0000282305AE
(102.900000) vcan0 200#FE070000D7010528
(102.900000) vcan0 201#F60992098C0005EE
(102.950000) vcan0 100#750B12FD03000B98
(103.000000) vcan0 100#680B12FD03000C82
(103.000000) vcan0 101#A63E000028230695
(103.000000) vcan0 200#EB070000D601063F
(103.000000) vcan0 201#F60992098C0006ED
(103.000000) vcan0 300#000003F0000003F3
(103.000000) vcan0 400#3D1DC6CE0C2B9C97
(103.000000) vcan0 500#CD008C00012ACEA1
(103.000000) vcan0 600#0604000000006763
(103.050000) vcan0 100#5A0B12FD03000DB1
(103.100000) vcan0 100#4D0B12FD03000EA5
(103.100000) vcan0 101#AE3E00002823079C
(103.100000) vcan0 200#D9070000D601070C
(103.100000) vcan0 201#F60992098C0007EC
(103.150000) vcan0 100#3F0B12FD03000FD6
(103.200000) vcan0 100#320B12FD030010C4
(103.200000) vcan0 101#B63E00002823088B
(103.200000) vcan0 200#C6070000D601081C
(103.200000) vcan0 201#F60992098C0008E3
(103.200000) vcan0 300#000003F0000004F4
(103.250000) vcan0 100#240B12FD030011D3
(103.250000) vcan0 400#3F1DF6CF0C2B9DA5
(103.300000) vcan0 100#170B12FD030012E3
(103.300000) vcan0 101#BE3E000028230982
(103.300000) vcan0 200#B3070000D6010968
(103.300000) vcan0 201#F60992098C0009E2
(103.350000) vcan0 100#090B12FD030013FC
(103.400000) vcan0 100#FC0A12FD0300140F
(103.400000) vcan0 101#C63E000028230AF9
(103.400000) vcan0 200#A0070000D6010A78
(103.400000) vcan0 201#F60992098C000AE1
(103.400000) vcan0 300#000003F0000005F5
(103.450000) vcan0 100#EE0A12FD0300151C
(103.500000) vcan0 100#E10A12FD03001610
(103.500000) vcan0 101#CE3E000028230BF0
(103.500000) vcan0 200#8E070000D6010B57
(103.500000) vcan0 201#F60992098C000BE0
(103.500000) vcan0 400#411D26D10C2B9E16
(103.500000) vcan0 500#CD008C00012ACFA0
(103.550000) vcan0 100#D30A12FD03001723
(103.600000) vcan0 100#C60A12FD03001839
(103.600000) vcan0 101#D53E000028230CEC
(103.600000) vcan0 200#7B070000D6010CA5
(103.600000) vcan0 201#F60992098C000CE7
(103.600000) vcan0 300#000003F0000006F6
(103.650000) vcan0 100#B80A12FD03001946
(103.700000) vcan0 100#AB0A12FD03001A56
(103.700000) vcan0 101#DD3E000028230DE5
(103.700000) vcan0 200#68070000D5010DB4
(103.700000) vcan0 201#F60992098C000DE6
(103.750000) vcan0 100#9D0A12FD03001B61
(103.750000) vcan0 400#431D56D20C2B9F66
(103.800000) vcan0 100#900A12FD03001C6B
(103.800000) vcan0 101#E43E000028230EDF
(103.800000) vcan0 200#55070000D5010E8A
(103.800000) vcan0 201#F60992098C000EE5
(103.800000) vcan0 300#000003F0000007F7
(103.850000) vcan0 100#820A12FD03001D78
(103.900000) vcan0 100#750A12FD03001E8C
(103.900000) vcan0 101#EC3E000028230FD6
(103.900000) vcan0 200#43070000D5010F9D
(103.900000) vcan0 201#F60992098C000FE4
(103.950000) vcan0 100#670A12FD03001F9F
(104.000000) vcan0 100#5A0A12FD0300209D
(104.000000) vcan0 101#F33E0000282310D6
(104.000000) vcan0 200#30070000D50110F1
(104.000000) vcan0 201#F60992098C0010FB
(104.000000) vcan0 300#000003F0000008F8
(104.000000) vcan0 400#461D86D30C2BA08D
(104.000000) vcan0 500#CD008C00012AD0BF
(104.000000) vcan0 600#100400000000687A
(104.050000) vcan0 100#4C0A12FD0300218A
(104.100000) vcan0 100#3F0A12FD030022FA
(104.100000) vcan0 101#FB3E0000282311DF
(104.100000) vcan0 200#1D070000D50111DD
(104.100000) vcan0 201#F60992098C0011FA
(104.150000) vcan0 100#310A12FD030023F5
(104.200000) vcan0 100#240A12FD030024E7
(104.200000) vcan0 101#023F000028231224
(104.200000) vcan0 200#0A070000D50112C9
(104.200000) vcan0 201#F60992098C0012F9
(104.200000) vcan0 300#000003F0000009F9
(104.250000) vcan0 100#160A12FD030025D4
(104.250000) vcan0 400#481DB6D40C2BA1B5
(104.300000) vcan0 100#090A12FD030026C8
(104.300000) vcan0 101#093F00002823132E
(104.300000) vcan0 200#F8060000D501133B
(104.300000) vcan0 201#F60992098C0013F8
(104.350000) vcan0 100#FB0912FD03002738
(104.400000) vcan0 100#EE0912FD03002822
(104.400000) vcan0 101#103F000028231430
(104.400000) vcan0 200#E5060000D5011421
(104.400000) vcan0 201#F60992098C0014FF
(104.400000) vcan0 300#000003F000000AFA
(104.450000) vcan0 100#E00912FD0300292D
(104.500000) vcan0 100#D30912FD03002A1D
(104.500000) vcan0 101#173F000028231536
(104.500000) vcan0 200#D2060000D4011516
(104.500000) vcan0 201#F60992098C0015FE
(104.500000) vcan0 400#4A1DE5D50C2BA2E6
(104.500000) vcan0 500#CD008C00012AD1BE
(104.550000) vcan0 100#C50912FD03002B0A
(104.600000) vcan0 100#B80912FD03002C70
(104.600000) vcan0 101#1E3F00002823163C
(104.600000) vcan0 200#BF060000D4011678
(104.600000) vcan0 201#F60992098C0016FD
(104.600000) vcan0 300#000003F000000BFB
(104.650000) vcan0 100#AA0912FD03002D63
(104.700000) vcan0 100#9D0912FD03002E57
(104.700000) vcan0 101#253F000028231706
(104.700000) vcan0 200#AD060000D401176B
(104.700000) vcan0 201#F60992098C0017FC
(104.750000) vcan0 100#8F0912FD03002F44
(104.750000) vcan0 400#4C1D14D70C2BA312
(104.800000) vcan0 100#820912FD03003056
(104.800000) vcan0 101#2C3F000028231800
(104.800000) vcan0 200#9A060000D4011853
(104.800000) vcan0 201#F60992098C0018F3
(104.800000) vcan0 300#000003F000000CFC
(104.850000) vcan0 100#740912FD030031A1
(104.900000) vcan0 100#670912FD030032B1
(104.900000) vcan0 101#333F00002823191E
(104.900000) vcan0 200#87060000D401194F
(104.900000) vcan0 201#F60992098C0019F2
(104.950000) vcan0 100#590912FD0300338E
(105.000000) vcan0 100#4C0912FD0300349C
(105.000000) vcan0 101#393F000028231A17
(105.000000) vcan0 200#74060000D4011ABF
(105.000000) vcan0 201#F60992098C001AF1
(105.000000) vcan0 300#000003F000000DFD
(105.000000) vcan0 400#4F1D44D80C2BA449
(105.000000) vcan0 500#CD008C00012AD2BD
(105.000000) vcan0 600#1A04000000006971
(105.050000) vcan0 100#3E0912FD030035EF
(105.100000) vcan0 100#310912FD030036E3
(105.100000) vcan0 101#403F000028231B6F
(105.100000) vcan0 200#62060000D4011BA8
(105.100000) vcan0 201#F60992098C001BF0
(105.150000) vcan0 100#230912FD030037F0
(105.200000) vcan0 100#160912FD030038CA
(105.200000) vcan0 101#463F000028231C6E
(105.200000) vcan0 200#4F060000D4011C82
(105.200000) vcan0 201#F60992098C001CF7
(105.200000) vcan0 300#000003F000000EFE
(105.250000) vcan0 100#080912FD030039D5
(105.250000) vcan0 400#511D73D90C2BA560
(105.300000) vcan0 100#FB0812FD03003A24
(105.300000) vcan0 101#4D3F000028231D64
(105.300000) vcan0 200#3C060000D3011DF7
(105.300000) vcan0 201#F60992098C001DF6
(105.350000) vcan0 100#ED0812FD03003B33
(105.400000) vcan0 100#E00812FD03003C39
(105.400000) vcan0 101#533F000028231E79
(105.400000) vcan0 200#29060000D3011EE1
(105.400000) vcan0 201#F60992098C001EF5
(105.400000) vcan0 300#000003F000000FFF
(105.450000) vcan0 100#D20812FD03003D0A
(105.500000) vcan0 100#C50812FD03003E1E
(105.500000) vcan0 101#593F000028231F72
(105.500000) vcan0 200#17060000D3011FDE
(105.500000) vcan0 201#F60992098C001FF4
(105.500000) vcan0 400#531DA1DA0C2BA6B0
(105.500000) vcan0 500#CD008C00012AD3BC
(105.550000) vcan0 100#B70812FD03003F6D
(105.600000) vcan0 100#AA0812FD0300400F
(105.600000) vcan0 101#603F000028232074
(105.600000) vcan0 200#04060000D30120F2
(105.600000) vcan0 201#F60992098C0020CB
(105.600000) vcan0 300#000003F0000010E0
(105.650000) vcan0 100#9C0812FD03004138
(105.700000) vcan0 100#8F0812FD03004228
(105.700000) vcan0 101#663F000028232173
(105.700000) vcan0 200#F1050000D3012105
(105.700000) vcan0 201#F60992098C0021CA
(105.750000) vcan0 100#810812FD03004327
(105.750000) vcan0 400#551DD0DB0C2BA7C7
(105.800000) vcan0 100#740812FD030044D5
(105.800000) vcan0 101#6C3F00002823227A
(105.800000) vcan0 200#DE050000D3012229
(105.800000) vcan0 201#F60992098C0022C9
(105.800000) vcan0 300#000003F0000011E1
(105.850000) vcan0 100#660812FD030045C6
(105.900000) vcan0 100#590812FD030046FA
(105.900000) vcan0 101#723F000028232365
(105.900000) vcan0 200#CC050000D301233A
(105.900000) vcan0 201#F60992098C0023C8
(105.950000) vcan0 100#4B0812FD030047E9
(106.000000) vcan0 100#3E0812FD03004893
(106.000000) vcan0 101#783F000028232468
(106.000000) vcan0 200#B9050000D2012449
(106.000000) vcan0 201#F60992098C0024CF
(106.000000) vcan0 300#000003F0000012E2
(106.000000) vcan0 400#571DFEDC0C2BA8E3
(106.000000) vcan0 500#CD008C00012AD4BB
(106.000000) vcan0 600#2404000000006A4C
(106.050000) vcan0 100#300812FD0300499C
(106.100000) vcan0 100#230812FD03004A8C
(106.100000) vcan0 101#7D3F00002823256C
(106.100000) vcan0 200#A6050000D2012557
(106.100000) vcan0 201#F60992098C0025CE
(106.150000) vcan0 100#150812FD03004BBB
(106.200000) vcan0 100#080812FD03004CA1
(106.200000) vcan0 101#833F000028232691
(106.200000) vcan0 200#93050000D2012661
(106.200000) vcan0 201#F60992098C0026CD
(106.200000) vcan0 300#000003F0000013E3
(106.250000) vcan0 100#FA0712FD03004D5D
(106.250000) vcan0 400#591D2CDE0C2BA93C
(106.300000) vcan0 100#ED0712FD03004E49
(106.300000) vcan0 101#893F00002823279A
(106.300000) vcan0 200#81050000D2012772
(106.300000) vcan0 201#F60992098C0027CC
(106.350000) vcan0 100#DF0712FD03004F7A
(106.400000) vcan0 100#D20712FD03005068
(106.400000) vcan0 101#8E3F000028232892
(106.400000) vcan0 200#6E050000D2012892
(106.400000) vcan0 201#F60992098C0028C3
(106.400000) vcan0 300#000003F0000014E4
(106.450000) vcan0 100#C40712FD0300517F
(106.500000) vcan0 100#B70712FD0300520F
(106.500000) vcan0 101#943F000028232989
(106.500000) vcan0 200#5B050000D20129A6
(106.500000) vcan0 201#F60992098C0029C2
(106.500000) vcan0 400#5B1D5ADF0C2BAA4A
(106.500000) vcan0 500#CD008C00012AD5BA
(106.550000) vcan0 100#A90712FD03005310
(106.600000) vcan0 100#9C0712FD03005422
(106.600000) vcan0 101#993F000028232A87
(106.600000) vcan0 200#48050000D2012AB6
(106.600000) vcan0 201#F60992098C002AC1
(106.600000) vcan0 300#000003F0000015E5
(106.650000) vcan0 100#8E0712FD03005531
(106.700000) vcan0 100#810712FD0300563D
(106.700000) vcan0 101#9F3F000028232B80
(106.700000) vcan0 200#36050000D2012BC9
(106.700000) vcan0 201#F60992098C002BC0
(106.750000) vcan0 100#730712FD030057CE
(106.750000) vcan0 400#5D1D87E00C2BABAF
(106.800000) vcan0 100#660712FD030058D4
(106.800000) vcan0 101#A43F000028232CBC
(106.800000) vcan0 200#23050000D1012CD8
(106.800000) vcan0 201#F60992098C002CC7
(106.800000) vcan0 300#000003F0000016E6
(106.850000) vcan0 100#580712FD030059EB
(106.900000) vcan0 100#4B0712FD03005AFB
(106.900000) vcan0 101#A93F000028232DB0
(106.900000) vcan0 200#10050000D1012DEA
(106.900000) vcan0 201#F60992098C002DC6
(106.950000) vcan0 100#3D0712FD03005B8C
(107.000000) vcan0 100#300712FD03005C86
(107.000000) vcan0 101#AE3F000028232EB4
(107.000000) vcan0 200#FD040000D1012E05
(107.000000) vcan0 201#F60992098C002EC5
(107.000000) vcan0 300#000003F0000017E7
(107.000000) vcan0 400#5F1DB5E10C2BAC99
(107.000000) vcan0 500#CD008C00012AD6B9
(107.000000) vcan0 600#2E04000000006B47
(107.050000) vcan0 100#220712FD03005D95
(107.100000) vcan0 100#150712FD03005EA1
(107.100000) vcan0 101#B33F000028232FA8
(107.100000) vcan0 200#EB040000D1012F12
(107.100000) vcan0 201#F60992098C002FC4
(107.150000) vcan0 100#070712FD03005FB2
(107.200000) vcan0 100#FA0612FD03006071
(107.200000) vcan0 101#B83F0000282330BC
(107.200000) vcan0 200#D8040000D101303E
(107.200000) vcan0 201#F60992098C0030DB
(107.200000) vcan0 300#000003F0000018E8
(107.250000) vcan0 100#EC0612FD03006166
(107.250000) vcan0 400#611DE2E20C2BADF2
(107.300000) vcan0 100#DF0612FD03006256
(107.300000) vcan0 101#BD3F0000282331B8
(107.300000) vcan0 200#C5040000D1013122
(107.300000) vcan0 201#F60992098C0031DA
(107.350000) vcan0 100#D10612FD03006359
(107.400000) vcan0 100#C40612FD0300644B
(107.400000) vcan0 101#C23F0000282332C4
(107.400000) vcan0 200#B2040000D1013256
(107.400000) vcan0 201#F60992098C0032D9
(107.400000) vcan0 300#000003F0000019E9
(107.450000) vcan0 100#B60612FD03006538
(107.500000) vcan0 100#A90612FD03006624
(107.500000) vcan0 101#C73F0000282333C0
(107.500000) vcan0 200#A0040000D1013345
(107.500000) vcan0 201#F60992098C0033D8
(107.500000) vcan0 400#621D0EE40C2BAE18
(107.500000) vcan0 500#CD008C00012AD7B8
(107.550000) vcan0 100#9B0612FD03006717
(107.600000) vcan0 100#8E0612FD0300680D
(107.600000) vcan0 101#CC3F0000282334CC
(107.600000) vcan0 200#8D040000D001346E
(107.600000) vcan0 201#F60992098C0034DF
(107.600000) vcan0 300#000003F000001AEA
(107.650000) vcan0 100#800612FD03006902
(107.700000) vcan0 100#730612FD03006AF2
(107.700000) vcan0 101#D03F0000282335D1
(107.700000) vcan0 200#7A040000D0013598
(107.700000) vcan0 201#F60992098C0035DE
(107.750000) vcan0 100#650612FD03006BE5
(107.750000) vcan0 400#641D3BE50C2BAF2B
(107.800000) vcan0 100#580612FD03006CDF
(107.800000) vcan0 101#D53F0000282336D7
(107.800000) vcan0 200#67040000D0013686
(107.800000) vcan0 201#F60992098C0036DD
(107.800000) vcan0 300#000003F000001BEB
(107.850000) vcan0 100#4A0612FD03006DCC
(107.900000) vcan0 100#3D0612FD03006EB8
(107.900000) vcan0 101#D93F0000282337DA
(107.900000) vcan0 200#55040000D00137B5
(107.900000) vcan0 201#F60992098C0037DC
(107.950000) vcan0 100#2F0612FD03006FAB
(108.000000) vcan0 100#220612FD030070B9
(108.000000) vcan0 101#DE3F0000282338D2
(108.000000) vcan0 200#42040000D00138AD
(108.000000) vcan0 201#F60992098C0038D3
(108.000000) vcan0 300#000003F000001CEC
(108.000000) vcan0 400#651D67E60C2BB06A
(108.000000) vcan0 500#CD008C00012AD8B7
(108.000000) vcan0 600#3804000000006C56
(108.050000) vcan0 100#140612FD0300718E
(108.100000) vcan0 100#070612FD0300729E
(108.100000) vcan0 101#E23F0000282339EF
(108.100000) vcan0 200#2F040000D00139C1
(108.100000) vcan0 201#F60992098C0039D2
(108.150000) vcan0 100#F90512FD03007362
(108.200000) vcan0 100#EC0512FD03007470
(108.200000) vcan0 101#E63F000028233AE8
(108.200000) vcan0 200#1C040000D0013AF1
(108.200000) vcan0 201#F60992098C003AD1
(108.200000) vcan0 300#000003F000001DED
(108.250000) vcan0 100#DE0512FD03007543
(108.250000) vcan0 400#661D93E70C2BB19D
(108.300000) vcan0 100#D10512FD0300764F
(108.300000) vcan0 101#EA3F000028233BE5
(108.300000) vcan0 200#0A040000D0013BE6
(108.300000) vcan0 201#F60992098C003BD0
(108.350000) vcan0 100#C30512FD0300775C
(108.400000) vcan0 100#B60512FD03007826
(108.400000) vcan0 101#EF3F000028233CE7
(108.400000) vcan0 200#F7030000CF013C04
(108.400000) vcan0 201#F60992098C003CD7
(108.400000) vcan0 300#000003F000001EEE
(108.450000) vcan0 100#A80512FD03007939
(108.500000) vcan0 100#9B0512FD03007A09
(108.500000) vcan0 101#F33F000028233DFA
(108.500000) vcan0 200#E4030000CF013D16
(108.500000) vcan0 201#F60992098C003DD6
(108.500000) vcan0 400#671DBFE80C2BB2BC
(108.500000) vcan0 500#CD008C00012AD9B6
(108.550000) vcan0 100#8D0512FD03007B1E
(108.600000) vcan0 100#800512FD03007C14
(108.600000) vcan0 101#F73F000028233EFD
(108.600000) vcan0 200#D1030000CF013E20
(108.600000) vcan0 201#F60992098C003ED5
(108.600000) vcan0 300#000003F000001FEF
(108.650000) vcan0 100#720512FD03007DE7
(108.700000) vcan0 100#650512FD03007EF3
(108.700000) vcan0 101#FA3F000028233FF1
(108.700000) vcan0 200#BF030000CF013F4F
(108.700000) vcan0 201#F60992098C003FD4
(108.750000) vcan0 100#570512FD03007FC0
(108.750000) vcan0 400#681DEBE90C2BB3E7
(108.800000) vcan0 100#4A0512FD03008022
(108.800000) vcan0 101#FE3F00002823408A
(108.800000) vcan0 200#AC030000CF014023
(108.800000) vcan0 201#F60992098C0040AB
(108.800000) vcan0 300#000003F0000020D0
(108.850000) vcan0 100#3C0512FD03008155
(108.900000) vcan0 100#2F0512FD03008245
(108.900000) vcan0 101#0240000028234108
(108.900000) vcan0 200#99030000CF014117
(108.900000) vcan0 201#F60992098C0041AA
(108.950000) vcan0 100#210512FD0300834A
(109.000000) vcan0 100#140512FD03008478
(109.000000) vcan0 101#064000002823420F
(109.000000) vcan0 200#86030000CF01420B
(109.000000) vcan0 201#F60992098C0042A9
(109.000000) vcan0 300#000003F0000021D1
(109.000000) vcan0 400#691D16EB0C2BB41E
(109.000000) vcan0 500#CD008C00012ADAB5
(109.000000) vcan0 600#4204000000006D2D
(109.050000) vcan0 100#060512FD0300856B
(109.100000) vcan0 100#F90412FD03008696
(109.100000) vcan0 101#0940000028234301
(109.100000) vcan0 200#74030000CF0143F8
(109.100000) vcan0 201#F60992098C0043A8
(109.150000) vcan0 100#EB0412FD03008785
(109.200000) vcan0 100#DE0412FD030088BF
(109.200000) vcan0 101#0D40000028234402
(109.200000) vcan0 200#61030000CE0144EB
(109.200000) vcan0 201#F60992098C0044AF
(109.200000) vcan0 300#000003F0000022D2
(109.250000) vcan0 100#D00412FD030089B0
(109.250000) vcan0 400#691D41EC0C2BB54F
(109.300000) vcan0 100#C30412FD03008AA0
(109.300000) vcan0 101#104000002823451E
(109.300000) vcan0 200#4E030000CE0145C5
(109.300000) vcan0 201#F60992098C0045AE
(109.350000) vcan0 100#B50412FD03008BD7
(109.400000) vcan0 100#A80412FD03008CCD
(109.400000) vcan0 101#134000002823461E
(109.400000) vcan0 200#3B030000CE0146B3
(109.400000) vcan0 201#F60992098C0046AD
(109.400000) vcan0 300#000003F0000023D3
(109.450000) vcan0 100#9A0412FD03008DFE
(109.500000) vcan0 100#8D0412FD03008EEA
(109.500000) vcan0 101#174000002823471B
(109.500000) vcan0 200#29030000CE0147A0
(109.500000) vcan0 201#F60992098C0047AC
(109.500000) vcan0 400#6A1D6CED0C2BB663
(109.500000) vcan0 500#CD008C00012ADBB4
(109.550000) vcan0 100#7F0412FD03008F19
(109.600000) vcan0 100#720412FD0300900B
(109.600000) vcan0 101#1A40000028234819
(109.600000) vcan0 200#16030000CE014890
(109.600000) vcan0 201#F60992098C0048A3
(109.600000) vcan0 300#000003F0000024D4
(109.650000) vcan0 100#640412FD0300911C
(109.700000) vcan0 100#570412FD0300922C
(109.700000) vcan0 101#1D4000002823491F
(109.700000) vcan0 200#03030000CE014984
(109.700000) vcan0 201#F60992098C0049A2
(109.750000) vcan0 100#490412FD03009333
(109.750000) vcan0 400#6A1D97EE0C2BB79A
(109.800000) vcan0 100#3C0412FD03009441
(109.800000) vcan0 101#2040000028234A21
(109.800000) vcan0 200#F0020000CE014A75
(109.800000) vcan0 201#F60992098C004AA1
(109.800000) vcan0 300#000003F0000025D5
(109.850000) vcan0 100#2E0412FD03009552
(109.900000) vcan0 100#210412FD0300965E
(109.900000) vcan0 101#2340000028234B23
(109.900000) vcan0 200#DE020000CE014B5A
(109.900000) vcan0 201#F60992098C004BA0
(109.950000) vcan0 100#130412FD0300976D
(110.000000) vcan0 100#060412FD03009877
(110.000000) vcan0 101#2640000028234C21
(110.000000) vcan0 200#CB020000CD014C4B
(110.000000) vcan0 201#F60992098C004CA7
(110.000000) vcan0 300#000003F0000026D6
(110.000000) vcan0 400#6A1DC2EF0C2BB8C1
(110.000000) vcan0 500#CD008C00012ADCB3
(110.000000) vcan0 600#4C04000000006E20
(110.050000) vcan0 100#F80312FD0300998F
(110.100000) vcan0 100#EB0312FD03009A9F
(110.100000) vcan0 101#2940000028234D2F
(110.100000) vcan0 200#B8020000CD014D39
(110.100000) vcan0 201#F60992098C004DA6
(110.150000) vcan0 100#DD0312FD03009BA8
(110.200000) vcan0 100#D00312FD03009CA2
(110.200000) vcan0 101#2C40000028234E29
(110.200000) vcan0 200#A5020000CD014E27
(110.200000) vcan0 201#F60992098C004EA5
(110.200000) vcan0 300#000003F0000027D7
(110.250000) vcan0 100#C20312FD03009DB1
(110.250000) vcan0 400#6A1DEDF00C2BB9F0
(110.300000) vcan0 100#B50312FD03009EC5
(110.300000) vcan0 101#2E40000028234F2A
(110.300000) vcan0 200#93020000CD014F10
(110.300000) vcan0 201#F60992098C004FA4
(110.350000) vcan0 100#A70312FD03009FD6
(110.400000) vcan0 100#9A0312FD0300A0D4
(110.400000) vcan0 101#314000002823502A
(110.400000) vcan0 200#80020000CD01501C
(110.400000) vcan0 201#F60992098C0050BB
(110.400000) vcan0 300#000003F0000028D8
(110.450000) vcan0 100#8C0312FD0300A1C3
(110.500000) vcan0 100#7F0312FD0300A233
(110.500000) vcan0 101#3340000028235129
(110.500000) vcan0 200#6D020000CD0151F0
(110.500000) vcan0 201#F60992098C0051BA
(110.500000) vcan0 400#6A1D18F20C2BBA04
(110.500000) vcan0 500#CD008C00012ADDB2
(110.550000) vcan0 100#710312FD0300A33C
(110.600000) vcan0 100#640312FD0300A42E
(110.600000) vcan0 101#364000002823522F
(110.600000) vcan0 200#5A020000CD0152C4
(110.600000) vcan0 201#F60992098C0052B9
(110.600000) vcan0 300#000003F0000029D9
(110.650000) vcan0 100#560312FD0300A51D
(110.700000) vcan0 100#490312FD0300A601
(110.700000) vcan0 101#3840000028235320
(110.700000) vcan0 200#48020000CD0153D7
(110.700000) vcan0 201#F60992098C0053B8
(110.750000) vcan0 100#3B0312FD0300A772
(110.750000) vcan0 400#691D42F30C2BBB5D
(110.800000) vcan0 100#2E0312FD0300A868
(110.800000) vcan0 101#3A40000028235425
(110.800000) vcan0 200#35020000CC0154AC
(110.800000) vcan0 201#F60992098C0054BF
(110.800000) vcan0 300#000003F000002ADA
(110.850000) vcan0 100#200312FD0300A967
(110.900000) vcan0 100#130312FD0300AA57
(110.900000) vcan0 101#3D40000028235523
(110.900000) vcan0 200#22020000CC0155BA
(110.900000) vcan0 201#F60992098C0055BE
(110.950000) vcan0 100#050312FD0300AB40
(111.000000) vcan0 100#F80212FD0300ACBB
(111.000000) vcan0 101#3F40000028235622
(111.000000) vcan0 200#0F020000CC015694
(111.000000) vcan0 201#F60992098C0056BD
(111.000000) vcan0 300#000003F000002BDB
(111.000000) vcan0 400#691D6DF40C2BBC72
(111.000000) vcan0 500#CD008C00012ADEB1
(111.000000) vcan0 600#5604000000006F3B
(111.050000) vcan0 100#EA0212FD0300ADA8
(111.100000) vcan0 100#DD0212FD0300AE9C
(111.100000) vcan0 101#414000002823575D
(111.100000) vcan0 200#FD010000CC015764
(111.100000) vcan0 201#F60992098C0057BC
(111.150000) vcan0 100#CF0212FD0300AF8F
(111.200000) vcan0 100#C20212FD0300B09D
(111.200000) vcan0 101#4340000028235850
(111.200000) vcan0 200#EA010000CC01587C
(111.200000) vcan0 201#F60992098C0058B3
(111.200000) vcan0 300#000003F000002CDC
(111.250000) vcan0 100#B40212FD0300B1EA
(111.250000) vcan0 400#681D97F50C2BBD89
(111.300000) vcan0 100#A70212FD0300B2FA
(111.300000) vcan0 101#4540000028235957
(111.300000) vcan0 200#D7010000CC015940
(111.300000) vcan0 201#F60992098C0059B2
(111.350000) vcan0 100#990212FD0300B3C5
(111.400000) vcan0 100#8C0212FD0300B4D7
(111.400000) vcan0 101#4740000028235A56
(111.400000) vcan0 200#C4010000CC015A50
(111.400000) vcan0 201#F60992098C005AB1
(111.400000) vcan0 300#000003F000002DDD
(111.450000) vcan0 100#7E0212FD0300B524
(111.500000) vcan0 100#710212FD0300B628
(111.500000) vcan0 101#4840000028235B58
(111.500000) vcan0 200#B2010000CC015B27
(111.500000) vcan0 201#F60992098C005BB0
(111.500000) vcan0 400#671DC2F60C2BBED3
(111.500000) vcan0 500#CD008C00012ADFB0
(111.550000) vcan0 100#630212FD0300B73B
(111.600000) vcan0 100#560212FD0300B801
(111.600000) vcan0 101#4A40000028235C5D
(111.600000) vcan0 200#9F010000CB015C0A
(111.600000) vcan0 201#F60992098C005CB7
(111.600000) vcan0 300#000003F000002EDE
(111.650000) vcan0 100#480212FD0300B91E
(111.700000) vcan0 100#3B0212FD0300BA6E
(111.700000) vcan0 101#4C40000028235D5A
(111.700000) vcan0 200#8C010000CB015D18
(111.700000) vcan0 201#F60992098C005DB6
(111.750000) vcan0 100#2D0212FD0300BB79
(111.750000) vcan0 400#661DECF70C2BBFFC
(111.800000) vcan0 100#200212FD0300BC73
(111.800000) vcan0 101#4D40000028235E58
(111.800000) vcan0 200#79010000CB015EEE
(111.800000) vcan0 201#F60992098C005EB5
(111.800000) vcan0 300#000003F000002FDF
(111.850000) vcan0 100#120212FD0300BD40
(111.900000) vcan0 100#050212FD0300BE54
(111.900000) vcan0 101#4F40000028235F5B
(111.900000) vcan0 200#67010000CB015FF1
(111.900000) vcan0 201#F60992098C005FB4
(111.950000) vcan0 100#F70112FD0300BFA4
(112.000000) vcan0 100#EA0112FD0300C0C6
(112.000000) vcan0 101#504000002823607B
(112.000000) vcan0 200#54010000CB0160FD
(112.000000) vcan0 201#F60992098C00608B
(112.000000) vcan0 300#000003F0000030C0
(112.000000) vcan0 400#651D17F90C2BC075
(112.000000) vcan0 500#CD008C00012AE08F
(112.000000) vcan0 600#6004000000007012
(112.050000) vcan0 100#DC0112FD0300C1F1
(112.100000) vcan0 100#CF0112FD0300C2E1
(112.100000) vcan0 101#514000002823617B
(112.100000) vcan0 200#41010000CB0161E9
(112.100000) vcan0 201#F60992098C00618A
(112.150000) vcan0 100#C10112FD0300C3EE
(112.200000) vcan0 100#B40112FD0300C49C
(112.200000) vcan0 101#534000002823627A
(112.200000) vcan0 200#2E010000CB016285
(112.200000) vcan0 201#F60992098C006289
(112.200000) vcan0 300#000003F0000031C1
(112.250000) vcan0 100#A60112FD0300C58F
(112.250000) vcan0 400#631D42FA0C2BC124
(112.300000) vcan0 100#990112FD0300C6B3
(112.300000) vcan0 101#544000002823637C
(112.300000) vcan0 200#1C010000CB0163B6
(112.300000) vcan0 201#F60992098C006388
(112.350000) vcan0 100#8B0112FD0300C7A0
(112.400000) vcan0 100#7E0112FD0300C85A
(112.400000) vcan0 101#554000002823647A
(112.400000) vcan0 200#09010000CA0164A5
(112.400000) vcan0 201#F60992098C00648F
(112.400000) vcan0 300#000003F0000032C2
(112.450000) vcan0 100#700112FD0300C955
(112.500000) vcan0 100#630112FD0300CA45
(112.500000) vcan0 101#5640000028236578
(112.500000) vcan0 200#F6000000CA01655A
(112.500000) vcan0 201#F60992098C00658E
(112.500000) vcan0 400#621D6DFB0C2BC208
(112.500000) vcan0 500#CD008C00012AE18E
(112.550000) vcan0 100#550112FD0300CB72
(112.600000) vcan0 100#480112FD0300CC68
(112.600000) vcan0 101#574000002823667A
(112.600000) vcan0 200#E3000000CA01664C
(112.600000) vcan0 201#F60992098C00668D
(112.600000) vcan0 300#000003F0000033C3
(112.650000) vcan0 100#3A0112FD0300CD1B
(112.700000) vcan0 100#2D0112FD0300CE0F
(112.700000) vcan0 101#5840000028236774
(112.700000) vcan0 200#D1000000CA01677F
(112.700000) vcan0 201#F60992098C00678C
(112.750000) vcan0 100#1F0112FD0300CF3C
(112.750000) vcan0 400#601D97FC0C2BC3F6
(112.800000) vcan0 100#120112FD0300D02E
(112.800000) vcan0 101#594000002823687A
(112.800000) vcan0 200#BE000000CA01681F
(112.800000) vcan0 201#F60992098C006883
(112.800000) vcan0 300#000003F0000034C4
(112.850000) vcan0 100#040112FD0300D139
(112.900000) vcan0 100#F70012FD0300D2C8
(112.900000) vcan0 101#594000002823697B
(112.900000) vcan0 200#AB000000CA01690B
(112.900000) vcan0 201#F60992098C006982
(112.950000) vcan0 100#E90012FD0300D3D7
(113.000000) vcan0 100#DC0012FD0300D4E5
(113.000000) vcan0 101#5A40000028236A7B
(113.000000) vcan0 200#98000000CA016A3B
(113.000000) vcan0 201#F60992098C006A81
(113.000000) vcan0 300#000003F0000035C5
(113.000000) vcan0 400#5E1DC2FD0C2BC49B
(113.000000) vcan0 500#CD008C00012AE28D
(113.000000) vcan0 600#6A04000000007119
(113.050000) vcan0 100#CE0012FD0300D5F6
(113.100000) vcan0 100#C10012FD0300D6FA
(113.100000) vcan0 101#5B40000028236B7B
(113.100000) vcan0 200#86000000CA016B24
(113.100000) vcan0 201#F60992098C006B80
(113.150000) vcan0 100#B30012FD0300D789
(113.200000) vcan0 100#A60012FD0300D893
(113.200000) vcan0 101#5B40000028236C7C
(113.200000) vcan0 200#73000000CA016CD6
(113.200000) vcan0 201#F60992098C006C87
(113.200000) vcan0 300#000003F0000036C6
(113.250000) vcan0 100#980012FD0300D9AC
(113.250000) vcan0 400#5D1DEDFE0C2BC5B5
(113.300000) vcan0 100#8B0012FD0300DABC
(113.300000) vcan0 101#5B40000028236D7D
(113.300000) vcan0 200#60000000C9016DC7
(113.300000) vcan0 201#F60992098C006D86
(113.350000) vcan0 100#7D0012FD0300DB4B
(113.400000) vcan0 100#700012FD0300DC41
(113.400000) vcan0 101#5C40000028236E79
(113.400000) vcan0 200#4D000000C9016EE9
(113.400000) vcan0 201#F60992098C006E85
(113.400000) vcan0 300#000003F0000037C7
(113.450000) vcan0 100#620012FD0300DD52
(113.500000) vcan0 100#550012FD0300DE66
(113.500000) vcan0 101#5C40000028236F78
(113.500000) vcan0 200#3B000000C9016F9E
(113.500000) vcan0 201#F60992098C006F84
(113.500000) vcan0 400#5B1D19000C2BC6BA
(113.500000) vcan0 500#CD008C00012AE38C
(113.550000) vcan0 100#470012FD0300DF75
(113.600000) vcan0 100#3A0012FD0300E037
(113.600000) vcan0 101#5C40000028237067
(113.600000) vcan0 200#28000000C9017092
(113.600000) vcan0 201#F60992098C00709B
(113.600000) vcan0 300#000003F0000038C8
(113.650000) vcan0 100#2C0012FD0300E120
(113.700000) vcan0 100#1F0012FD0300E210
(113.700000) vcan0 101#5C40000028237166
(113.700000) vcan0 200#15000000C90171AE
(113.700000) vcan0 201#F60992098C00719A
(113.750000) vcan0 100#110012FD0300E31F
(113.750000) vcan0 400#591D44010C2BC7E5
(113.800000) vcan0 100#040012FD0300E40D
(113.800000) vcan0 101#5C40000028237265
(113.800000) vcan0 200#02000000C90172BA
(113.800000) vcan0 201#F60992098C007299
(113.800000) vcan0 300#000003F0000039C9
(113.850000) vcan0 100#000000000000E5E4
(113.900000) vcan0 100#000000000000E6E7
(113.900000) vcan0 101#5C40000028237364
(113.900000) vcan0 200#00000000C90173B9
(113.900000) vcan0 201#8813E80300027302
(113.950000) vcan0 100#000000000000E7E6
(114.000000) vcan0 100#000000000000E8E9
(114.000000) vcan0 101#5C40000028237463
(114.000000) vcan0 200#00000000C90174BE
(114.000000) vcan0 201#8813E80300027405
(114.000000) vcan0 300#00FF00F000013A37
(114.000000) vcan0 400#561D90010C2BC831
(114.000000) vcan0 500#CD008C00012AE48B
(114.000000) vcan0 600#7404000000007204
(114.050000) vcan0 100#000000000000E9E8
(114.100000) vcan0 100#000000000000EAEB
(114.100000) vcan0 101#5C40000028237562
(114.100000) vcan0 200#00000000C80175BE
(114.100000) vcan0 201#8813E80300027504
(114.150000) vcan0 100#000000000000EBEA
(114.200000) vcan0 100#000000000000ECED
(114.200000) vcan0 101#5C40000028237661
(114.200000) vcan0 200#00000000C80176BD
(114.200000) vcan0 201#8813E80300027607
(114.200000) vcan0 300#00FF00F000013B36
(114.250000) vcan0 100#000000000000EDEC
(114.250000) vcan0 400#541D90010C2BC932
(114.300000) vcan0 100#000000000000EEEF
(114.300000) vcan0 101#5C40000028237760
(114.300000) vcan0 200#00000000C80177BC
(114.300000) vcan0 201#8813E80300027706
(114.350000) vcan0 100#000000000000EFEE
(114.400000) vcan0 100#000000000000F0F1
(114.400000) vcan0 101#5C4000002823786F
(114.400000) vcan0 200#00000000C80178B3
(114.400000) vcan0 201#8813E80300027809
(114.400000) vcan0 300#00FF00F000013C31
(114.450000) vcan0 100#000000000000F1F0
(114.500000) vcan0 100#000000000000F2F3
(114.500000) vcan0 101#5C4000002823796E
(114.500000) vcan0 200#00000000C80179B2
(114.500000) vcan0 201#8813E80300027908
(114.500000) vcan0 400#521D90010C2BCA37
(114.500000) vcan0 500#CD008C00012AE58A
(114.550000) vcan0 100#000000000000F3F2
(114.600000) vcan0 100#000000000000F4F5
(114.600000) vcan0 101#5C40000028237A6D
(114.600000) vcan0 200#00000000C8017AB1
(114.600000) vcan0 201#8813E80300027A0B
(114.600000) vcan0 300#00FF00F000013D30
(114.650000) vcan0 100#000000000000F5F4
(114.700000) vcan0 100#000000000000F6F7
(114.700000) vcan0 101#5C40000028237B6C
(114.700000) vcan0 200#00000000C8017BB0
(114.700000) vcan0 201#8813E80300027B0A
(114.750000) vcan0 100#000000000000F7F6
(114.750000) vcan0 400#501D90010C2BCB34
(114.800000) vcan0 100#000000000000F8F9
(114.800000) vcan0 101#5C40000028237C6B
(114.800000) vcan0 200#00000000C8017CB7
(114.800000) vcan0 201#8813E80300027C0D
(114.800000) vcan0 300#00FF00F000013E33
(114.850000) vcan0 100#000000000000F9F8
(114.900000) vcan0 100#000000000000FAFB
(114.900000) vcan0 101#5C40000028237D6A
(114.900000) vcan0 200#00000000C7017DB9
(114.900000) vcan0 201#8813E80300027D0C
(114.950000) vcan0 100#000000000000FBFA
(115.000000) vcan0 100#000000000000FCFD
(115.000000) vcan0 101#5C40000028237E69
(115.000000) vcan0 200#00000000C7017EBA
(115.000000) vcan0 201#8813E80300027E0F
(115.000000) vcan0 300#00FF00F000013F32
(115.000000) vcan0 400#4E1D90010C2BCC2D
(115.000000) vcan0 500#CD008C00012AE689
(115.000000) vcan0 600#7E0400000000730F
(115.050000) vcan0 100#000000000000FDFC
(115.100000) vcan0 100#000000000000FEFF
(115.100000) vcan0 101#5C40000028237F68
(115.100000) vcan0 200#00000000C7017FBB
(115.100000) vcan0 201#8813E80300027F0E
(115.150000) vcan0 100#000000000000FFFE
(115.200000) vcan0 100#0000000000000001
(115.200000) vcan0 101#5C40000028238097
(115.200000) vcan0 200#00000000C7018044
(115.200000) vcan0 201#8813E803000280F1
(115.200000) vcan0 300#00FF00F00001404D
(115.250000) vcan0 100#0000000000000100
(115.250000) vcan0 400#4B1D90010C2BCD29
(115.300000) vcan0 100#0000000000000203
(115.300000) vcan0 101#5C40000028238196
(115.300000) vcan0 200#00000000C7018145
(115.300000) vcan0 201#8813E803000281F0
(115.350000) vcan0 100#0000000000000302
(115.400000) vcan0 100#0000000000000405
(115.400000) vcan0 101#5C40000028238295
(115.400000) vcan0 200#00000000C7018246
(115.400000) vcan0 201#8813E803000282F3
(115.400000) vcan0 300#00FF00F00001414C
(115.450000) vcan0 100#0000000000000504
(115.500000) vcan0 100#0000000000000607
(115.500000) vcan0 101#5C40000028238394
(115.500000) vcan0 200#00000000C7018347
(115.500000) vcan0 201#8813E803000283F2
(115.500000) vcan0 400#491D90010C2BCE28
(115.500000) vcan0 500#CD008C00012AE788
(115.550000) vcan0 100#0000000000000706
(115.600000) vcan0 100#0000000000000809
(115.600000) vcan0 101#5C40000028238493
(115.600000) vcan0 200#00000000C7018440
(115.600000) vcan0 201#8813E803000284F5
(115.600000) vcan0 300#00FF00F00001424F
(115.650000) vcan0 100#0000000000000908
(115.700000) vcan0 100#0000000000000A0B
(115.700000) vcan0 101#5C40000028238592
(115.700000) vcan0 200#00000000C7018541
(115.700000) vcan0 201#8813E803000285F4
(115.750000) vcan0 100#0000000000000B0A
(115.750000) vcan0 400#471D90010C2BCF27
(115.800000) vcan0 100#0000000000000C0D
(115.800000) vcan0 101#5C40000028238691
(115.800000) vcan0 200#00000000C6018643
(115.800000) vcan0 201#8813E803000286F7
(115.800000) vcan0 300#00FF00F00001434E
(115.850000) vcan0 100#0000000000000D0C
(115.900000) vcan0 100#0000000000000E0F
(115.900000) vcan0 101#5C40000028238790
(115.900000) vcan0 200#00000000C6018742
(115.900000) vcan0 201#8813E803000287F6
(115.950000) vcan0 100#0000000000000F0E
(116.000000) vcan0 100#0000000000001011
(116.000000) vcan0 101#5C4000002823889F
(116.000000) vcan0 200#00000000C601884D
(116.000000) vcan0 201#8813E803000288F9
(116.000000) vcan0 300#00FF00F000014449
(116.000000) vcan0 400#451D90010C2BD03A
(116.000000) vcan0 500#CD008C00012AE887
(116.000000) vcan0 600#88040000000074FE
(116.050000) vcan0 100#0000000000001110
(116.100000) vcan0 100#0000000000001213
(116.100000) vcan0 101#5C4000002823899E
(116.100000) vcan0 200#00000000C601894C
(116.100000) vcan0 201#8813E803000289F8
(116.150000) vcan0 100#0000000000001312
(116.200000) vcan0 100#0000000000001415
(116.200000) vcan0 101#5C40000028238A9D
(116.200000) vcan0 200#00000000C6018A4F
(116.200000) vcan0 201#8813E80300028AFB
(116.200000) vcan0 300#00FF00F000014548
(116.250000) vcan0 100#0000000000001514
(116.250000) vcan0 400#431D90010C2BD13D
(116.300000) vcan0 100#0000000000001617
(116.300000) vcan0 101#5C40000028238B9C
(116.300000) vcan0 200#00000000C6018B4E
(116.300000) vcan0 201#8813E80300028BFA
(116.350000) vcan0 100#0000000000001716
(116.400000) vcan0 100#0000000000001819
(116.400000) vcan0 101#5C40000028238C9B
(116.400000) vcan0 200#00000000C6018C49
(116.400000) vcan0 201#8813E80300028CFD
(116.400000) vcan0 300#00FF00F00001464B
(116.450000) vcan0 100#0000000000001918
(116.500000) vcan0 100#0000000000001A1B
(116.500000) vcan0 101#5C40000028238D9A
(116.500000) vcan0 200#00000000C6018D48
(116.500000) vcan0 201#8813E80300028DFC
(116.500000) vcan0 400#411D90010C2BD23C
(116.500000) vcan0 500#CD008C00012AE986
(116.550000) vcan0 100#0000000000001B1A
(116.600000) vcan0 100#0000000000001C1D
(116.600000) vcan0 101#5C40000028238E99
(116.600000) vcan0 200#00000000C6018E4B
(116.600000) vcan0 201#8813E80300028EFF
(116.600000) vcan0 300#00FF00F00001474A
(116.650000) vcan0 100#0000000000001D1C
(116.700000) vcan0 100#0000000000001E1F
(116.700000) vcan0 101#5C40000028238F98
(116.700000) vcan0 200#00000000C5018F49
(116.700000) vcan0 201#8813E80300028FFE
(116.750000) vcan0 100#0000000000001F1E
(116.750000) vcan0 400#3E1D90010C2BD342
(116.800000) vcan0 100#0000000000002021
(116.800000) vcan0 101#5C40000028239087
(116.800000) vcan0 200#00000000C5019056
(116.800000) vcan0 201#8813E803000290E1
(116.800000) vcan0 300#00FF00F000014845
(116.850000) vcan0 100#0000000000002120
(116.900000) vcan0 100#0000000000002223
(116.900000) vcan0 101#5C40000028239186
(116.900000) vcan0 200#00000000C5019157
(116.900000) vcan0 201#8813E803000291E0
(116.950000) vcan0 100#0000000000002322
(117.000000) vcan0 100#0000000000002425
(117.000000) vcan0 101#5C40000028239285
(117.000000) vcan0 200#00000000C5019254
(117.000000) vcan0 201#8813E803000292E3
(117.000000) vcan0 300#00FF00F000014944
(117.000000) vcan0 400#3D1D90010C2BD446
(117.000000) vcan0 500#CD008C00012AEA85
(117.000000) vcan0 600#92040000000075E5
(117.050000) vcan0 100#0000000000002524
(117.100000) vcan0 100#0000000000002627
(117.100000) vcan0 101#5C40000028239384
(117.100000) vcan0 200#00000000C5019355
(117.100000) vcan0 201#8813E803000293E2
(117.150000) vcan0 100#0000000000002726
(117.200000) vcan0 100#0000000000002829
(117.200000) vcan0 101#5C40000028239483
(117.200000) vcan0 200#00000000C5019452
(117.200000) vcan0 201#8813E803000294E5
(117.200000) vcan0 300#00FF00F000014A47
(117.250000) vcan0 100#0000000000002928
(117.250000) vcan0 400#3B1D90010C2BD541
(117.300000) vcan0 100#0000000000002A2B
(117.300000) vcan0 101#5C40000028239582
(117.300000) vcan0 200#00000000C5019553
(117.300000) vcan0 201#8813E803000295E4
(117.350000) vcan0 100#0000000000002B2A
(117.400000) vcan0 100#0000000000002C2D
(117.400000) vcan0 101#5C40000028239681
(117.400000) vcan0 200#00000000C5019650
(117.400000) vcan0 201#8813E803000296E7
(117.400000) vcan0 300#00FF00F000014B46
(117.450000) vcan0 100#0000000000002D2C
(117.500000) vcan0 100#0000000000002E2F
(117.500000) vcan0 101#5C40000028239780
(117.500000) vcan0 200#00000000C4019750
(117.500000) vcan0 201#8813E803000297E6
(117.500000) vcan0 400#391D90010C2BD640
(117.500000) vcan0 500#CD008C00012AEB84
(117.550000) vcan0 100#0000000000002F2E
(117.600000) vcan0 100#0000000000003031
(117.600000) vcan0 101#5C4000002823988F
(117.600000) vcan0 200#00000000C401985F
(117.600000) vcan0 201#8813E803000298E9
(117.600000) vcan0 300#00FF00F000014C41
(117.650000) vcan0 100#0000000000003130
(117.700000) vcan0 100#0000000000003233
(117.700000) vcan0 101#5C4000002823998E
(117.700000) vcan0 200#00000000C401995E
(117.700000) vcan0 201#8813E803000299E8
(117.750000) vcan0 100#0000000000003332
(117.750000) vcan0 400#371D90010C2BD74F
(117.800000) vcan0 100#0000000000003435
(117.800000) vcan0 101#5C40000028239A8D
(117.800000) vcan0 200#00000000C4019A5D
(117.800000) vcan0 201#8813E80300029AEB
(117.800000) vcan0 300#00FF00F000014D40
(117.850000) vcan0 100#0000000000003534
(117.900000) vcan0 100#0000000000003637
(117.900000) vcan0 101#5C40000028239B8C
(117.900000) vcan0 200#00000000C4019B5C
(117.900000) vcan0 201#8813E80300029BEA
(117.950000) vcan0 100#0000000000003736
(118.000000) vcan0 100#0000000000003839
(118.000000) vcan0 101#5C40000028239C8B
(118.000000) vcan0 200#00000000C4019C5B
(118.000000) vcan0 201#8813E80300029CED
(118.000000) vcan0 300#00FF00F000014E43
(118.000000) vcan0 400#361D90010C2BD841
(118.000000) vcan0 500#CD008C00012AEC83
(118.000000) vcan0 600#9C040000000076E8
(118.050000) vcan0 100#0000000000003938
(118.100000) vcan0 100#0000000000003A3B
(118.100000) vcan0 101#5C40000028239D8A
(118.100000) vcan0 200#00000000C4019D5A
(118.100000) vcan0 201#8813E80300029DEC
(118.150000) vcan0 100#0000000000003B3A
(118.200000) vcan0 100#0000000000003C3D
(118.200000) vcan0 101#5C40000028239E89
(118.200000) vcan0 200#00000000C4019E59
(118.200000) vcan0 201#8813E80300029EEF
(118.200000) vcan0 300#00FF00F000014F42
(118.250000) vcan0 100#0000000000003D3C
(118.250000) vcan0 400#341D90010C2BD942
(118.300000) vcan0 100#0000000000003E3F
(118.300000) vcan0 101#5C40000028239F88
(118.300000) vcan0 200#00000000C4019F58
(118.300000) vcan0 201#8813E80300029FEE
(118.350000) vcan0 100#0000000000003F3E
(118.400000) vcan0 100#0000000000004041
(118.400000) vcan0 101#5C4000002823A0B7
(118.400000) vcan0 200#00000000C301A060
(118.400000) vcan0 201#8813E8030002A0D1
(118.400000) vcan0 300#00FF00F00001505D
(118.450000) vcan0 100#0000000000004140
(118.500000) vcan0 100#0000000000004243
(118.500000) vcan0 101#5C4000002823A1B6
(118.500000) vcan0 200#00000000C301A161
(118.500000) vcan0 201#8813E8030002A1D0
(118.500000) vcan0 400#331D90010C2BDA46
(118.500000) vcan0 500#CD008C00012AED82
(118.550000) vcan0 100#0000000000004342
(118.600000) vcan0 100#0000000000004445
(118.600000) vcan0 101#5C4000002823A2B5
(118.600000) vcan0 200#00000000C301A262
(118.600000) vcan0 201#8813E8030002A2D3
(118.600000) vcan0 300#00FF00F00001515C
(118.650000) vcan0 100#0000000000004544
(118.700000) vcan0 100#0000000000004647
(118.700000) vcan0 101#5C4000002823A3B4
(118.700000) vcan0 200#00000000C301A363
(118.700000) vcan0 201#8813E8030002A3D2
(118.750000) vcan0 100#0000000000004746
(118.750000) vcan0 400#321D90010C2BDB46
(118.800000) vcan0 100#0000000000004849
(118.800000) vcan0 101#5C4000002823A4B3
(118.800000) vcan0 200#00000000C301A464
(118.800000) vcan0 201#8813E8030002A4D5
(118.800000) vcan0 300#00FF00F00001525F
(118.850000) vcan0 100#0000000000004948
(118.900000) vcan0 100#0000000000004A4B
(118.900000) vcan0 101#5C4000002823A5B2
(118.900000) vcan0 200#00000000C301A565
(118.900000) vcan0 201#8813E8030002A5D4
(118.950000) vcan0 100#0000000000004B4A
(119.000000) vcan0 100#0000000000004C4D
(119.000000) vcan0 101#5C4000002823A6B1
(119.000000) vcan0 200#00000000C301A666
(119.000000) vcan0 201#8813E8030002A6D7
(119.000000) vcan0 300#00FF00F00001535E
(119.000000) vcan0 400#311D90010C2BDC42
(119.000000) vcan0 500#CD008C00012AEE81
(119.000000) vcan0 600#A6040000000077D3
(119.050000) vcan0 100#0000000000004D4C
(119.100000) vcan0 100#0000000000004E4F
(119.100000) vcan0 101#5C4000002823A7B0
(119.100000) vcan0 200#00000000C301A767
(119.100000) vcan0 201#8813E8030002A7D6
(119.150000) vcan0 100#0000000000004F4E
(119.200000) vcan0 100#0000000000005051
(119.200000) vcan0 101#5C4000002823A8BF
(119.200000) vcan0 200#00000000C301A868
(119.200000) vcan0 201#8813E8030002A8D9
(119.200000) vcan0 300#00FF00F000015459
(119.250000) vcan0 100#0000000000005150
(119.250000) vcan0 400#301D90010C2BDD42
(119.300000) vcan0 100#0000000000005253
(119.300000) vcan0 101#5C4000002823A9BE
(119.300000) vcan0 200#00000000C201A968
(119.300000) vcan0 201#8813E8030002A9D8
(119.350000) vcan0 100#0000000000005352
(119.400000) vcan0 100#0000000000005455
(119.400000) vcan0 101#5C4000002823AABD
(119.400000) vcan0 200#00000000C201AA6B
(119.400000) vcan0 201#8813E8030002AADB
(119.400000) vcan0 300#00FF00F000015558
(119.450000) vcan0 100#0000000000005554
(119.500000) vcan0 100#0000000000005657
(119.500000) vcan0 101#5C4000002823ABBC
(119.500000) vcan0 200#00000000C201AB6A
(119.500000) vcan0 201#8813E8030002ABDA
(119.500000) vcan0 400#2F1D90010C2BDE5E
(119.500000) vcan0 500#CD008C00012AEF80
(119.550000) vcan0 100#0000000000005756
(119.600000) vcan0 100#0000000000005859
(119.600000) vcan0 101#5C4000002823ACBB
(119.600000) vcan0 200#00000000C201AC6D
(119.600000) vcan0 201#8813E8030002ACDD
(119.600000) vcan0 300#00FF00F00001565B
(119.650000) vcan0 100#0000000000005958
(119.700000) vcan0 100#0000000000005A5B
(119.700000) vcan0 101#5C4000002823ADBA
(119.700000) vcan0 200#00000000C201AD6C
(119.700000) vcan0 201#8813E8030002ADDC
(119.750000) vcan0 100#0000000000005B5A
(119.750000) vcan0 400#2F1D90010C2BDF5F
(119.800000) vcan0 100#0000000000005C5D
(119.800000) vcan0 101#5C4000002823AEB9
(119.800000) vcan0 200#00000000C201AE6F
(119.800000) vcan0 201#8813E8030002AEDF
(119.800000) vcan0 300#00FF00F00001575A
(119.850000) vcan0 100#0000000000005D5C
(119.900000) vcan0 100#0000000000005E5F
(119.900000) vcan0 101#5C4000002823AFB8
(119.900000) vcan0 200#00000000C201AF6E
(119.900000) vcan0 201#8813E8030002AFDE
(119.950000) vcan0 100#0000000000005F5E
